0,0,0,1,64048,7925,27456,,,,,,27,000,2,Ontario,201812,2012,2013,,20,,Claims-made,32,2-Property Damage,2,,,,,,,,,,,,,,,,,,,,,,,,,,,,,,,,,,
0,0,0,1,670,9852,18222697,,,,,,1,000,2,Ontario,201812,2004,2011,,61,,Occurrence,61,1-Bodily Injury,2,,,,,,,,,,,,,,,,,,,,,,,,,,,,,,,,,,
0,0,0,2,31263,182892,1937119,,,,,,5,000,2,Ontario,201812,2012,2016,,20,,Occurrence,32,2-Property Damage,1,,,,,,,,,,,,,,,,,,,,,,,,,,,,,,,,,,
0,0,0,2,68378,0,39947,,,,,,17,000,2,Ontario,201812,2013,2014,,20,,Claims-made,22,2-Property Damage,2,,,,,,,,,,,,,,,,,,,,,,,,,,,,,,,,,,
0,0,0,0,100000,0,135751,,,,,,1,000,2,Ontario,201812,2011,2013,,10,,Occurrence,62,2-Property Damage,1,,,,,,,,,,,,,,,,,,,,,,,,,,,,,,,,,,
0,0,0,1,2075780,26599,494440,,,,,,37,000,2,Ontario,201812,2013,2009,,20,,Occurrence,34,3-Personal Injury,1,,,,,,,,,,,,,,,,,,,,,,,,,,,,,,,,,,
0,0,0,474.73,0,0,268542,,,,,,17,000,2,Ontario,201812,2014,2018,,62,,Occurrence,62,2-Property Damage,1,,,,,,,,,,,,,,,,,,,,,,,,,,,,,,,,,,
0,0,0,18,421925,19673,558125,,,,,,17,000,2,Ontario,201812,2009,2017,,41,,Occurrence,69,2-Property Damage,1,,,,,,,,,,,,,,,,,,,,,,,,,,,,,,,,,,
0,0,0,1811.849,41500,0,0,,,,,,37,000,2,Ontario,201812,2013,2013,,10,,Occurrence,32,2-Property Damage,1,,,,,,,,,,,,,,,,,,,,,,,,,,,,,,,,,,
0,0,0,0,516680,35941,299660,,,,,,7,000,2,Ontario,201812,2010,2016,,10,,Occurrence,22,2-Property Damage,1,,,,,,,,,,,,,,,,,,,,,,,,,,,,,,,,,,
0,0,0,120.65,559145,15732,5106,,,,,,27,000,2,Ontario,201812,2011,2011,,10,,Extended Reporting Period (ERP),34,2-Property Damage,1,,,,,,,,,,,,,,,,,,,,,,,,,,,,,,,,,,
0,0,0,1,593555,0,24859,,,,,,3,000,2,Ontario,201812,2014,2009,,61,,Occurrence,32,1-Bodily Injury,1,,,,,,,,,,,,,,,,,,,,,,,,,,,,,,,,,,
0,0,0,0,248012,26135,1519114,,,,,,1,000,2,Ontario,201812,2015,2013,,61,,Occurrence,51,1-Bodily Injury,1,,,,,,,,,,,,,,,,,,,,,,,,,,,,,,,,,,
0,0,0,1,198630,900,69286,,,,,,27,000,2,Ontario,201812,2010,2012,,40,,Occurrence,13,4-Financial Loss,2,,,,,,,,,,,,,,,,,,,,,,,,,,,,,,,,,,
0,0,0,1,136804,0,1192727,,,,,,37,000,2,Ontario,201812,2010,2005,,50,,Occurrence,11,2-Property Damage,2,,,,,,,,,,,,,,,,,,,,,,,,,,,,,,,,,,
0,0,0,0,27927850,2940,792379,,,,,,1,000,2,Ontario,201812,2012,2009,,61,,Claims-made,12,2-Property Damage,1,,,,,,,,,,,,,,,,,,,,,,,,,,,,,,,,,,
0,0,0,0,4425795,1601841,0,,,,,,7,000,2,Ontario,201812,2008,2016,,61,,Occurrence,21,3-Personal Injury,1,,,,,,,,,,,,,,,,,,,,,,,,,,,,,,,,,,
0,0,0,0,295000,0,16263,,,,,,9,000,2,Ontario,201812,2009,2018,,41,,Extended Reporting Period (ERP),34,1-Bodily Injury,2,,,,,,,,,,,,,,,,,,,,,,,,,,,,,,,,,,
0,0,0,1,30,15766,1927886,,,,,,7,000,2,Ontario,201812,2004,2006,,70,,Claims-made,34,1-Bodily Injury,2,,,,,,,,,,,,,,,,,,,,,,,,,,,,,,,,,,
0,0,0,1,117183,0,360226,,,,,,1,000,2,Ontario,201812,2013,2014,,20,,Occurrence,31,1-Bodily Injury,1,,,,,,,,,,,,,,,,,,,,,,,,,,,,,,,,,,
0,0,0,30,0,0,519068,,,,,,27,000,2,Ontario,201812,2005,2014,,10,,Claims-made,69,2-Property Damage,2,,,,,,,,,,,,,,,,,,,,,,,,,,,,,,,,,,
0,0,0,3.5,25,0,129055,,,,,,15,000,2,Ontario,201812,2012,2007,,10,,Occurrence,21,3-Personal Injury,1,,,,,,,,,,,,,,,,,,,,,,,,,,,,,,,,,,
0,0,0,0,145975,0,1743882,,,,,,1,000,2,Ontario,201812,2016,2018,,20,,Occurrence,21,1-Bodily Injury,1,,,,,,,,,,,,,,,,,,,,,,,,,,,,,,,,,,
0,0,0,0,5000,0,0,,,,,,37,000,2,Ontario,201812,2005,2010,,20,,Occurrence,12,4-Financial Loss,1,,,,,,,,,,,,,,,,,,,,,,,,,,,,,,,,,,
0,0,0,15,599159,0,0,,,,,,41,000,2,Ontario,201812,2006,2014,,30,,Claims-made,11,1-Bodily Injury,1,,,,,,,,,,,,,,,,,,,,,,,,,,,,,,,,,,
0,0,0,2,0,0,1035194,,,,,,9,000,2,Ontario,201812,2012,2015,,10,,Claims-made,22,2-Property Damage,1,,,,,,,,,,,,,,,,,,,,,,,,,,,,,,,,,,
0,0,0,3,26672,5860,2134,,,,,,33,000,2,Ontario,201812,2005,2016,,20,,Extended Reporting Period (ERP),12,1-Bodily Injury,1,,,,,,,,,,,,,,,,,,,,,,,,,,,,,,,,,,
0,0,0,0,35,56732,221214,,,,,,25,000,2,Ontario,201812,2008,2008,,10,,Extended Reporting Period (ERP),34,3-Personal Injury,2,,,,,,,,,,,,,,,,,,,,,,,,,,,,,,,,,,
0,0,0,147,0,0,7041097,,,,,,37,000,2,Ontario,201812,2008,2012,,20,,Claims-made,21,2-Property Damage,1,,,,,,,,,,,,,,,,,,,,,,,,,,,,,,,,,,
0,0,0,1,399893,0,368423,,,,,,1,000,2,Ontario,201812,2012,2005,,20,,Occurrence,31,2-Property Damage,1,,,,,,,,,,,,,,,,,,,,,,,,,,,,,,,,,,
0,0,0,0,12195684,15043,2108927,,,,,,7,000,2,Ontario,201812,2013,2015,,10,,Occurrence,31,4-Financial Loss,1,,,,,,,,,,,,,,,,,,,,,,,,,,,,,,,,,,
0,0,0,1,181820,0,68251,,,,,,5,000,2,Ontario,201812,2009,2012,,20,,Occurrence,22,2-Property Damage,2,,,,,,,,,,,,,,,,,,,,,,,,,,,,,,,,,,
0,0,0,319.899,19877,0,4038063,,,,,,27,000,2,Ontario,201812,2013,2013,,10,,Claims-made,12,2-Property Damage,1,,,,,,,,,,,,,,,,,,,,,,,,,,,,,,,,,,
0,0,0,3,335095,263990,249173,,,,,,37,000,2,Ontario,201812,2016,2011,,10,,Occurrence,13,1-Bodily Injury,1,,,,,,,,,,,,,,,,,,,,,,,,,,,,,,,,,,
0,0,0,0,75571,131569,0,,,,,,27,000,2,Ontario,201812,2007,2014,,10,,Extended Reporting Period (ERP),11,1-Bodily Injury,2,,,,,,,,,,,,,,,,,,,,,,,,,,,,,,,,,,
0,0,0,0,1643626,0,212851,,,,,,1,000,2,Ontario,201812,2008,2012,,41,,Occurrence,34,2-Property Damage,1,,,,,,,,,,,,,,,,,,,,,,,,,,,,,,,,,,
0,0,0,3,0,0,-5121,,,,,,31,000,2,Ontario,201812,2005,2017,,40,,Claims-made,13,4-Financial Loss,1,,,,,,,,,,,,,,,,,,,,,,,,,,,,,,,,,,
0,0,0,0,25000,0,39774,,,,,,7,000,2,Ontario,201812,2010,2016,,61,,Occurrence,31,1-Bodily Injury,1,,,,,,,,,,,,,,,,,,,,,,,,,,,,,,,,,,
0,0,0,0,306278,116744,24884,,,,,,37,000,2,Ontario,201812,2014,2016,,50,,Occurrence,31,2-Property Damage,1,,,,,,,,,,,,,,,,,,,,,,,,,,,,,,,,,,
0,0,0,0,0,0,-2278,,,,,,1,000,2,Ontario,201812,2015,2006,,62,,Occurrence,11,4-Financial Loss,2,,,,,,,,,,,,,,,,,,,,,,,,,,,,,,,,,,
0,0,0,0,0,359349,1750000,,,,,,5,000,2,Ontario,201812,2008,2014,,62,,Occurrence,21,2-Property Damage,2,,,,,,,,,,,,,,,,,,,,,,,,,,,,,,,,,,
0,0,0,0,28619,48910,405144,,,,,,1,000,2,Ontario,201812,2014,2009,,70,,Claims-made,33,1-Bodily Injury,1,,,,,,,,,,,,,,,,,,,,,,,,,,,,,,,,,,
0,0,0,12,97699,3804242,0,,,,,,7,000,2,Ontario,201812,2005,2014,,20,,Occurrence,33,2-Property Damage,2,,,,,,,,,,,,,,,,,,,,,,,,,,,,,,,,,,
0,0,0,3,1000000,0,687590,,,,,,27,000,2,Ontario,201812,2008,2012,,43,,Occurrence,12,1-Bodily Injury,1,,,,,,,,,,,,,,,,,,,,,,,,,,,,,,,,,,
0,0,0,0.7,0,25712,144125235,,,,,,27,000,2,Ontario,201812,2011,2007,,41,,Occurrence,22,1-Bodily Injury,2,,,,,,,,,,,,,,,,,,,,,,,,,,,,,,,,,,
0,0,0,11.349,0,7136039,66638,,,,,,37,000,2,Ontario,201812,2012,2015,,41,,Occurrence,22,3-Personal Injury,2,,,,,,,,,,,,,,,,,,,,,,,,,,,,,,,,,,
0,0,0,9.5,108556,100981,418307,,,,,,9,000,2,Ontario,201812,2007,2016,,41,,Occurrence,33,2-Property Damage,2,,,,,,,,,,,,,,,,,,,,,,,,,,,,,,,,,,
0,0,0,11,696,0,2014811,,,,,,7,000,2,Ontario,201812,2007,2016,,62,,Occurrence,34,1-Bodily Injury,1,,,,,,,,,,,,,,,,,,,,,,,,,,,,,,,,,,
0,0,0,8.599,0,27002,200,,,,,,37,000,2,Ontario,201812,2010,2018,,10,,Occurrence,22,1-Bodily Injury,1,,,,,,,,,,,,,,,,,,,,,,,,,,,,,,,,,,
0,0,0,1,1815,63110,0,,,,,,37,000,2,Ontario,201812,2008,2004,,10,,Extended Reporting Period (ERP),61,2-Property Damage,2,,,,,,,,,,,,,,,,,,,,,,,,,,,,,,,,,,
0,0,0,0,120000,0,270998,,,,,,7,000,2,Ontario,201812,2011,2016,,42,,Claims-made,31,1-Bodily Injury,1,,,,,,,,,,,,,,,,,,,,,,,,,,,,,,,,,,
0,0,0,7,100,51119,50,,,,,,1,000,2,Ontario,201812,2006,2016,,50,,Occurrence,51,2-Property Damage,2,,,,,,,,,,,,,,,,,,,,,,,,,,,,,,,,,,
0,0,0,0,10696,421355,528544,,,,,,1,000,2,Ontario,201812,2004,2012,,80,,Occurrence,32,2-Property Damage,1,,,,,,,,,,,,,,,,,,,,,,,,,,,,,,,,,,
0,0,0,1,37500,0,7364694,,,,,,7,000,2,Ontario,201812,2013,2012,,61,,Claims-made,62,1-Bodily Injury,1,,,,,,,,,,,,,,,,,,,,,,,,,,,,,,,,,,
0,0,0,0,10670,0,0,,,,,,39,000,2,Ontario,201812,2007,2016,,20,,Occurrence,31,9-Other,2,,,,,,,,,,,,,,,,,,,,,,,,,,,,,,,,,,
0,0,0,1,328375,390694,39311857,,,,,,17,000,2,Ontario,201812,2010,2016,,10,,Occurrence,69,1-Bodily Injury,1,,,,,,,,,,,,,,,,,,,,,,,,,,,,,,,,,,
0,0,0,0,0,10000,1131289,,,,,,13,000,2,Ontario,201812,2010,2005,,70,,Occurrence,69,2-Property Damage,2,,,,,,,,,,,,,,,,,,,,,,,,,,,,,,,,,,
0,0,0,0,505474,300,112879,,,,,,9,000,2,Ontario,201812,2013,2007,,10,,Occurrence,32,1-Bodily Injury,2,,,,,,,,,,,,,,,,,,,,,,,,,,,,,,,,,,
0,0,0,13,636415,0,0,,,,,,1,000,2,Ontario,201812,2011,2007,,20,,Occurrence,22,9-Other,1,,,,,,,,,,,,,,,,,,,,,,,,,,,,,,,,,,
0,0,0,1,30000008,26060071,8421,,,,,,1,000,2,Ontario,201812,2007,2015,,50,,Occurrence,34,4-Financial Loss,2,,,,,,,,,,,,,,,,,,,,,,,,,,,,,,,,,,
0,0,0,0,1215333,9865,1685188,,,,,,37,000,2,Ontario,201812,2006,2012,,41,,Occurrence,32,9-Other,2,,,,,,,,,,,,,,,,,,,,,,,,,,,,,,,,,,
0,0,0,0,29750,0,96845,,,,,,31,000,2,Ontario,201812,2005,2015,,10,,Claims-made,22,2-Property Damage,1,,,,,,,,,,,,,,,,,,,,,,,,,,,,,,,,,,
0,0,0,0,75582,298,5049520,,,,,,3,000,2,Ontario,201812,2006,2005,,20,,Occurrence,31,2-Property Damage,2,,,,,,,,,,,,,,,,,,,,,,,,,,,,,,,,,,
0,0,0,95.75,20750986,80666,572,,,,,,9,000,2,Ontario,201812,2013,2015,,10,,Occurrence,31,3-Personal Injury,1,,,,,,,,,,,,,,,,,,,,,,,,,,,,,,,,,,
0,0,0,0,0,5602,16074,,,,,,37,000,2,Ontario,201812,2004,2013,,41,,Occurrence,12,2-Property Damage,2,,,,,,,,,,,,,,,,,,,,,,,,,,,,,,,,,,
0,0,0,0,76282,6581,0,,,,,,7,000,2,Ontario,201812,2005,2015,,40,,Occurrence,11,1-Bodily Injury,2,,,,,,,,,,,,,,,,,,,,,,,,,,,,,,,,,,
0,0,0,1,230485,4602719,0,,,,,,1,000,2,Ontario,201812,2016,2011,,10,,Claims-made,69,1-Bodily Injury,2,,,,,,,,,,,,,,,,,,,,,,,,,,,,,,,,,,
0,0,0,134.099,36742,195780,11298,,,,,,37,000,2,Ontario,201812,2012,2017,,62,,Claims-made,42,2-Property Damage,1,,,,,,,,,,,,,,,,,,,,,,,,,,,,,,,,,,
0,0,0,1,1293,188,148667,,,,,,1,000,2,Ontario,201812,2006,2013,,61,,Claims-made,11,9-Other,1,,,,,,,,,,,,,,,,,,,,,,,,,,,,,,,,,,
0,0,0,0,9555,11638,1,,,,,,9,000,2,Ontario,201812,2012,2017,,61,,Occurrence,61,3-Personal Injury,1,,,,,,,,,,,,,,,,,,,,,,,,,,,,,,,,,,
0,0,0,0,564262,1181,4435,,,,,,25,000,2,Ontario,201812,2005,2015,,10,,Occurrence,23,4-Financial Loss,2,,,,,,,,,,,,,,,,,,,,,,,,,,,,,,,,,,
0,0,0,2,9860201,3954,68936,,,,,,31,000,2,Ontario,201812,2017,2006,,41,,Claims-made,31,1-Bodily Injury,2,,,,,,,,,,,,,,,,,,,,,,,,,,,,,,,,,,
0,0,0,-1,0,7504,133176,,,,,,1,000,2,Ontario,201812,2004,2017,,50,,Occurrence,69,2-Property Damage,1,,,,,,,,,,,,,,,,,,,,,,,,,,,,,,,,,,
0,0,0,0,0,0,17014499,,,,,,7,000,2,Ontario,201812,2011,2013,,62,,Extended Reporting Period (ERP),32,3-Personal Injury,2,,,,,,,,,,,,,,,,,,,,,,,,,,,,,,,,,,
0,0,0,0.2,6287681,0,3669534,,,,,,37,000,2,Ontario,201812,2006,2014,,41,,Occurrence,34,1-Bodily Injury,1,,,,,,,,,,,,,,,,,,,,,,,,,,,,,,,,,,
0,0,0,0,3197,95234,159138,,,,,,25,000,2,Ontario,201812,2013,2008,,41,,Occurrence,21,1-Bodily Injury,1,,,,,,,,,,,,,,,,,,,,,,,,,,,,,,,,,,
0,0,0,71.219,1098755,24194,7348,,,,,,9,000,2,Ontario,201812,2006,2013,,40,,Claims-made,70,3-Personal Injury,2,,,,,,,,,,,,,,,,,,,,,,,,,,,,,,,,,,
0,0,0,2530.65,7,172105,1671,,,,,,25,000,2,Ontario,201812,2004,2016,,41,,Claims-made,22,1-Bodily Injury,1,,,,,,,,,,,,,,,,,,,,,,,,,,,,,,,,,,
0,0,0,7.2,7741677,0,138541,,,,,,37,000,2,Ontario,201812,2011,2013,,10,,Occurrence,34,4-Financial Loss,1,,,,,,,,,,,,,,,,,,,,,,,,,,,,,,,,,,
0,0,0,1.649,0,0,1143689,,,,,,1,000,2,Ontario,201812,2011,2017,,40,,Occurrence,22,2-Property Damage,2,,,,,,,,,,,,,,,,,,,,,,,,,,,,,,,,,,
0,0,0,1,71016,0,633380,,,,,,7,000,2,Ontario,201812,2004,2011,,10,,Claims-made,31,1-Bodily Injury,2,,,,,,,,,,,,,,,,,,,,,,,,,,,,,,,,,,
0,0,0,1,-13990,0,109563,,,,,,1,000,2,Ontario,201812,2009,2016,,40,,Occurrence,22,2-Property Damage,1,,,,,,,,,,,,,,,,,,,,,,,,,,,,,,,,,,
0,0,0,0,2116,27415,1010172,,,,,,25,000,2,Ontario,201812,2009,2010,,62,,Occurrence,70,9-Other,2,,,,,,,,,,,,,,,,,,,,,,,,,,,,,,,,,,
0,0,0,0.08,0,0,562643,,,,,,7,000,2,Ontario,201812,2017,2013,,41,,Claims-made,34,2-Property Damage,1,,,,,,,,,,,,,,,,,,,,,,,,,,,,,,,,,,
0,0,0,0,104936,15925,2081679,,,,,,9,000,2,Ontario,201812,2014,2014,,71,,Occurrence,69,1-Bodily Injury,2,,,,,,,,,,,,,,,,,,,,,,,,,,,,,,,,,,
0,0,0,8,3149689,0,-2805,,,,,,9,000,2,Ontario,201812,2009,2010,,10,,Occurrence,34,3-Personal Injury,2,,,,,,,,,,,,,,,,,,,,,,,,,,,,,,,,,,
0,0,0,0,2788,1927,14840,,,,,,9,000,2,Ontario,201812,2008,2014,,71,,Claims-made,33,2-Property Damage,2,,,,,,,,,,,,,,,,,,,,,,,,,,,,,,,,,,
0,0,0,0,1697530,1073876,787,,,,,,37,000,2,Ontario,201812,2008,2015,,10,,Occurrence,31,1-Bodily Injury,2,,,,,,,,,,,,,,,,,,,,,,,,,,,,,,,,,,
0,0,0,0,292853,21407,80045,,,,,,1,000,2,Ontario,201812,2006,2017,,70,,Claims-made,11,4-Financial Loss,2,,,,,,,,,,,,,,,,,,,,,,,,,,,,,,,,,,
0,0,0,149,4222009,92978,50442621,,,,,,1,000,2,Ontario,201812,2016,2012,,70,,Occurrence,12,1-Bodily Injury,2,,,,,,,,,,,,,,,,,,,,,,,,,,,,,,,,,,
0,0,0,9,0,35665,100,,,,,,27,000,2,Ontario,201812,2010,2013,,61,,Extended Reporting Period (ERP),62,2-Property Damage,2,,,,,,,,,,,,,,,,,,,,,,,,,,,,,,,,,,
0,0,0,687.2,50248322,30840,199175,,,,,,1,000,2,Ontario,201812,2005,2016,,70,,Occurrence,22,1-Bodily Injury,2,,,,,,,,,,,,,,,,,,,,,,,,,,,,,,,,,,
0,0,0,0,942684,0,138539,,,,,,37,000,2,Ontario,201812,2007,2008,,43,,Occurrence,32,1-Bodily Injury,2,,,,,,,,,,,,,,,,,,,,,,,,,,,,,,,,,,
0,0,0,0,249700,262219,52527,,,,,,37,000,2,Ontario,201812,2008,2016,,62,,Occurrence,61,2-Property Damage,1,,,,,,,,,,,,,,,,,,,,,,,,,,,,,,,,,,
0,0,0,1,22689,0,0,,,,,,1,000,2,Ontario,201812,2014,2018,,70,,Occurrence,12,1-Bodily Injury,1,,,,,,,,,,,,,,,,,,,,,,,,,,,,,,,,,,
0,0,0,4,879000,29515,35247,,,,,,31,000,2,Ontario,201812,2004,2012,,41,,Occurrence,13,2-Property Damage,1,,,,,,,,,,,,,,,,,,,,,,,,,,,,,,,,,,
0,0,0,0,153960,0,0,,,,,,1,000,2,Ontario,201812,2004,2014,,10,,Claims-made,34,1-Bodily Injury,2,,,,,,,,,,,,,,,,,,,,,,,,,,,,,,,,,,
0,0,0,0,0,122510,3234943,,,,,,9,000,2,Ontario,201812,2004,2012,,10,,Occurrence,62,3-Personal Injury,2,,,,,,,,,,,,,,,,,,,,,,,,,,,,,,,,,,
0,0,0,1,0,933,863335,,,,,,27,000,2,Ontario,201812,2008,2012,,30,,Occurrence,11,1-Bodily Injury,2,,,,,,,,,,,,,,,,,,,,,,,,,,,,,,,,,,
0,0,0,5,-2500,0,13156,,,,,,25,000,2,Ontario,201812,2005,2013,,20,,Claims-made,22,2-Property Damage,1,,,,,,,,,,,,,,,,,,,,,,,,,,,,,,,,,,
0,0,0,0,41350,42623,24966557,,,,,,7,000,2,Ontario,201812,2005,2016,,40,,Occurrence,62,4-Financial Loss,2,,,,,,,,,,,,,,,,,,,,,,,,,,,,,,,,,,
0,0,0,2,35247,24526,1001,,,,,,9,000,2,Ontario,201812,2017,2016,,50,,Claims-made,12,3-Personal Injury,1,,,,,,,,,,,,,,,,,,,,,,,,,,,,,,,,,,
0,0,0,1111.059,100,6494,-3900,,,,,,17,000,2,Ontario,201812,2005,2008,,70,,Occurrence,12,1-Bodily Injury,2,,,,,,,,,,,,,,,,,,,,,,,,,,,,,,,,,,
0,0,0,0,0,10368,-2303,,,,,,1,000,2,Ontario,201812,2011,2015,,62,,Occurrence,33,4-Financial Loss,1,,,,,,,,,,,,,,,,,,,,,,,,,,,,,,,,,,
0,0,0,1,0,9354530,8591,,,,,,1,000,2,Ontario,201812,2009,2007,,61,,Occurrence,11,4-Financial Loss,2,,,,,,,,,,,,,,,,,,,,,,,,,,,,,,,,,,
0,0,0,10.199,100,0,0,,,,,,7,000,2,Ontario,201812,2014,2017,,40,,Occurrence,62,1-Bodily Injury,1,,,,,,,,,,,,,,,,,,,,,,,,,,,,,,,,,,
0,0,0,0,84068,101588,256756,,,,,,17,000,2,Ontario,201812,2013,2011,,40,,Claims-made,12,2-Property Damage,1,,,,,,,,,,,,,,,,,,,,,,,,,,,,,,,,,,
0,0,0,0,0,3661836,3242452,,,,,,25,000,2,Ontario,201812,2012,2011,,20,,Claims-made,31,2-Property Damage,1,,,,,,,,,,,,,,,,,,,,,,,,,,,,,,,,,,
0,0,0,1,1378069,0,25934,,,,,,1,000,2,Ontario,201812,2015,2011,,10,,Claims-made,11,3-Personal Injury,1,,,,,,,,,,,,,,,,,,,,,,,,,,,,,,,,,,
0,0,0,2,3932,263344,0,,,,,,7,000,2,Ontario,201812,2010,2012,,20,,Occurrence,32,2-Property Damage,2,,,,,,,,,,,,,,,,,,,,,,,,,,,,,,,,,,
0,0,0,2,25000,0,8483,,,,,,9,000,2,Ontario,201812,2009,2015,,70,,Occurrence,22,2-Property Damage,1,,,,,,,,,,,,,,,,,,,,,,,,,,,,,,,,,,
0,0,0,0,934327,877,27186,,,,,,3,000,2,Ontario,201812,2011,2010,,43,,Claims-made,69,1-Bodily Injury,2,,,,,,,,,,,,,,,,,,,,,,,,,,,,,,,,,,
0,0,0,0,204000,0,27486710,,,,,,1,000,2,Ontario,201812,2014,2011,,20,,Claims-made,62,1-Bodily Injury,2,,,,,,,,,,,,,,,,,,,,,,,,,,,,,,,,,,
0,0,0,3,5000,1571,2920615,,,,,,1,000,2,Ontario,201812,2004,2009,,41,,Occurrence,31,2-Property Damage,1,,,,,,,,,,,,,,,,,,,,,,,,,,,,,,,,,,
0,0,0,0.35,220130,0,1655000,,,,,,1,000,2,Ontario,201812,2004,2017,,40,,Occurrence,42,2-Property Damage,1,,,,,,,,,,,,,,,,,,,,,,,,,,,,,,,,,,
0,0,0,0,375604,28544,5453900,,,,,,41,000,2,Ontario,201812,2015,2015,,20,,Occurrence,31,1-Bodily Injury,2,,,,,,,,,,,,,,,,,,,,,,,,,,,,,,,,,,
0,0,0,2,4201,461639,9963196,,,,,,25,000,2,Ontario,201812,2009,2017,,40,,Claims-made,34,2-Property Damage,1,,,,,,,,,,,,,,,,,,,,,,,,,,,,,,,,,,
0,0,0,0,4125000,0,0,,,,,,17,000,2,Ontario,201812,2016,2007,,70,,Occurrence,22,2-Property Damage,2,,,,,,,,,,,,,,,,,,,,,,,,,,,,,,,,,,
0,0,0,0,11441462,41604,19421,,,,,,9,000,2,Ontario,201812,2006,2011,,50,,Occurrence,34,2-Property Damage,2,,,,,,,,,,,,,,,,,,,,,,,,,,,,,,,,,,
0,0,0,1,0,0,0,,,,,,25,000,2,Ontario,201812,2014,2007,,10,,Extended Reporting Period (ERP),61,2-Property Damage,1,,,,,,,,,,,,,,,,,,,,,,,,,,,,,,,,,,
0,0,0,380.259,0,11929,61356,,,,,,1,000,2,Ontario,201812,2004,2013,,20,,Occurrence,12,1-Bodily Injury,2,,,,,,,,,,,,,,,,,,,,,,,,,,,,,,,,,,
0,0,0,2.27,378,15291,245413,,,,,,1,000,2,Ontario,201812,2011,2013,,10,,Occurrence,32,1-Bodily Injury,2,,,,,,,,,,,,,,,,,,,,,,,,,,,,,,,,,,
0,0,0,0,46528,649210,255834,,,,,,37,000,2,Ontario,201812,2013,2018,,41,,Claims-made,33,2-Property Damage,2,,,,,,,,,,,,,,,,,,,,,,,,,,,,,,,,,,
0,0,0,2,302143,0,0,,,,,,1,000,2,Ontario,201812,2009,2018,,62,,Occurrence,69,1-Bodily Injury,2,,,,,,,,,,,,,,,,,,,,,,,,,,,,,,,,,,
0,0,0,4,0,0,13301,,,,,,33,000,2,Ontario,201812,2008,2015,,30,,Claims-made,21,2-Property Damage,2,,,,,,,,,,,,,,,,,,,,,,,,,,,,,,,,,,
0,0,0,4,5748286,175,96784,,,,,,9,000,2,Ontario,201812,2008,2017,,70,,Claims-made,31,2-Property Damage,1,,,,,,,,,,,,,,,,,,,,,,,,,,,,,,,,,,
0,0,0,22,0,56360,0,,,,,,33,000,2,Ontario,201812,2014,2012,,61,,Occurrence,32,4-Financial Loss,2,,,,,,,,,,,,,,,,,,,,,,,,,,,,,,,,,,
0,0,0,5,0,43377,45808,,,,,,27,000,2,Ontario,201812,2012,2017,,20,,Occurrence,13,1-Bodily Injury,1,,,,,,,,,,,,,,,,,,,,,,,,,,,,,,,,,,
0,0,0,9.5,2,0,599795,,,,,,9,000,2,Ontario,201812,2014,2015,,40,,Occurrence,11,1-Bodily Injury,1,,,,,,,,,,,,,,,,,,,,,,,,,,,,,,,,,,
0,0,0,29,25,87399,388788,,,,,,37,000,2,Ontario,201812,2006,2014,,61,,Occurrence,62,4-Financial Loss,2,,,,,,,,,,,,,,,,,,,,,,,,,,,,,,,,,,
0,0,0,2,0,1675035,593815,,,,,,3,000,2,Ontario,201812,2009,2012,,61,,Occurrence,31,9-Other,2,,,,,,,,,,,,,,,,,,,,,,,,,,,,,,,,,,
0,0,0,10.099,1383,682416,123563,,,,,,3,000,2,Ontario,201812,2009,2008,,10,,Claims-made,34,1-Bodily Injury,1,,,,,,,,,,,,,,,,,,,,,,,,,,,,,,,,,,
0,0,0,0,2576343,1800,106414,,,,,,1,000,2,Ontario,201812,2015,2017,,41,,Occurrence,33,2-Property Damage,2,,,,,,,,,,,,,,,,,,,,,,,,,,,,,,,,,,
0,0,0,12.019,543035,0,365186,,,,,,1,000,2,Ontario,201812,2013,2016,,41,,Occurrence,62,2-Property Damage,1,,,,,,,,,,,,,,,,,,,,,,,,,,,,,,,,,,
0,0,0,0,297587,3594,38090,,,,,,1,000,2,Ontario,201812,2006,2018,,10,,Claims-made,11,2-Property Damage,1,,,,,,,,,,,,,,,,,,,,,,,,,,,,,,,,,,
0,0,0,0,7533645,10875,-3748,,,,,,1,000,2,Ontario,201812,2010,2014,,10,,Occurrence,33,4-Financial Loss,2,,,,,,,,,,,,,,,,,,,,,,,,,,,,,,,,,,
0,0,0,0,0,0,104971,,,,,,7,000,2,Ontario,201812,2011,2014,,61,,Occurrence,33,1-Bodily Injury,2,,,,,,,,,,,,,,,,,,,,,,,,,,,,,,,,,,
0,0,0,294.649,2661839,0,4929359,,,,,,3,000,2,Ontario,201812,2004,2012,,20,,Claims-made,33,4-Financial Loss,1,,,,,,,,,,,,,,,,,,,,,,,,,,,,,,,,,,
0,0,0,1,0,0,8323,,,,,,27,000,2,Ontario,201812,2008,2016,,61,,Occurrence,62,3-Personal Injury,1,,,,,,,,,,,,,,,,,,,,,,,,,,,,,,,,,,
0,0,0,219.449,3170,1260,5385159,,,,,,1,000,2,Ontario,201812,2011,2016,,20,,Claims-made,34,4-Financial Loss,2,,,,,,,,,,,,,,,,,,,,,,,,,,,,,,,,,,
0,0,0,1,0,2254631,0,,,,,,27,000,2,Ontario,201812,2014,2018,,70,,Occurrence,11,1-Bodily Injury,2,,,,,,,,,,,,,,,,,,,,,,,,,,,,,,,,,,
0,0,0,0,2015248,0,628940,,,,,,25,000,2,Ontario,201812,2015,2010,,40,,Occurrence,34,2-Property Damage,1,,,,,,,,,,,,,,,,,,,,,,,,,,,,,,,,,,
0,0,0,10,602973,1403335,6004,,,,,,27,000,2,Ontario,201812,2011,2016,,50,,Claims-made,13,1-Bodily Injury,2,,,,,,,,,,,,,,,,,,,,,,,,,,,,,,,,,,
0,0,0,0,62183,1570982,50,,,,,,1,000,2,Ontario,201812,2006,2016,,10,,Claims-made,13,4-Financial Loss,2,,,,,,,,,,,,,,,,,,,,,,,,,,,,,,,,,,
0,0,0,0,132,15362693,353129,,,,,,17,000,2,Ontario,201812,2014,2014,,10,,Claims-made,34,2-Property Damage,1,,,,,,,,,,,,,,,,,,,,,,,,,,,,,,,,,,
0,0,0,0,3366657,0,0,,,,,,1,000,2,Ontario,201812,2009,2015,,10,,Claims-made,22,1-Bodily Injury,1,,,,,,,,,,,,,,,,,,,,,,,,,,,,,,,,,,
0,0,0,0,0,67994,991,,,,,,3,000,2,Ontario,201812,2006,2011,,40,,Occurrence,61,4-Financial Loss,1,,,,,,,,,,,,,,,,,,,,,,,,,,,,,,,,,,
0,0,0,0,336427,103358,216345,,,,,,9,000,2,Ontario,201812,2004,2016,,40,,Occurrence,62,4-Financial Loss,1,,,,,,,,,,,,,,,,,,,,,,,,,,,,,,,,,,
0,0,0,0,0,88632,107,,,,,,37,000,2,Ontario,201812,2015,2015,,42,,Occurrence,23,2-Property Damage,1,,,,,,,,,,,,,,,,,,,,,,,,,,,,,,,,,,
0,0,0,14.5,56711,11990,125205,,,,,,1,000,2,Ontario,201812,2006,2017,,10,,Occurrence,22,3-Personal Injury,2,,,,,,,,,,,,,,,,,,,,,,,,,,,,,,,,,,
0,0,0,1,100,406391,17613,,,,,,3,000,2,Ontario,201812,2005,2018,,10,,Claims-made,11,2-Property Damage,1,,,,,,,,,,,,,,,,,,,,,,,,,,,,,,,,,,
0,0,0,0,0,0,58016,,,,,,37,000,2,Ontario,201812,2011,2018,,20,,Claims-made,34,2-Property Damage,1,,,,,,,,,,,,,,,,,,,,,,,,,,,,,,,,,,
0,0,0,1,64465,3556752,0,,,,,,17,000,2,Ontario,201812,2013,2018,,10,,Claims-made,23,1-Bodily Injury,1,,,,,,,,,,,,,,,,,,,,,,,,,,,,,,,,,,
0,0,0,2,295782,1746022,14818,,,,,,27,000,2,Ontario,201812,2006,2006,,61,,Occurrence,23,1-Bodily Injury,2,,,,,,,,,,,,,,,,,,,,,,,,,,,,,,,,,,
0,0,0,1,97402,88280,778467,,,,,,17,000,2,Ontario,201812,2004,2015,,10,,Occurrence,34,3-Personal Injury,1,,,,,,,,,,,,,,,,,,,,,,,,,,,,,,,,,,
0,0,0,1,11400,3869,0,,,,,,1,000,2,Ontario,201812,2005,2007,,70,,Occurrence,22,2-Property Damage,1,,,,,,,,,,,,,,,,,,,,,,,,,,,,,,,,,,
0,0,0,9.15,14,0,132393,,,,,,37,000,2,Ontario,201812,2012,2007,,40,,Claims-made,51,4-Financial Loss,2,,,,,,,,,,,,,,,,,,,,,,,,,,,,,,,,,,
0,0,0,3.5,117,0,11696,,,,,,37,000,2,Ontario,201812,2011,2017,,20,,Claims-made,31,2-Property Damage,1,,,,,,,,,,,,,,,,,,,,,,,,,,,,,,,,,,
0,0,0,13.849,5140858,321337,6750800,,,,,,37,000,2,Ontario,201812,2008,2017,,10,,Claims-made,32,1-Bodily Injury,2,,,,,,,,,,,,,,,,,,,,,,,,,,,,,,,,,,
0,0,0,6,1258804,1772827,8,,,,,,7,000,2,Ontario,201812,2004,2016,,40,,Occurrence,51,2-Property Damage,2,,,,,,,,,,,,,,,,,,,,,,,,,,,,,,,,,,
0,0,0,2,3304333,0,10,,,,,,9,000,2,Ontario,201812,2009,2015,,10,,Occurrence,31,3-Personal Injury,2,,,,,,,,,,,,,,,,,,,,,,,,,,,,,,,,,,
0,0,0,1,0,72222,359609,,,,,,27,000,2,Ontario,201812,2015,2017,,10,,Claims-made,51,3-Personal Injury,2,,,,,,,,,,,,,,,,,,,,,,,,,,,,,,,,,,
0,0,0,3,0,0,43937,,,,,,25,000,2,Ontario,201812,2009,2015,,20,,Claims-made,32,2-Property Damage,2,,,,,,,,,,,,,,,,,,,,,,,,,,,,,,,,,,
0,0,0,13.349,253971,0,1300135,,,,,,7,000,2,Ontario,201812,2011,2015,,10,,Occurrence,62,2-Property Damage,1,,,,,,,,,,,,,,,,,,,,,,,,,,,,,,,,,,
0,0,0,4,527302,0,99592,,,,,,7,000,2,Ontario,201812,2004,2005,,20,,Occurrence,69,2-Property Damage,1,,,,,,,,,,,,,,,,,,,,,,,,,,,,,,,,,,
0,0,0,11.05,228332,0,81448,,,,,,27,000,2,Ontario,201812,2012,2017,,10,,Extended Reporting Period (ERP),11,4-Financial Loss,1,,,,,,,,,,,,,,,,,,,,,,,,,,,,,,,,,,
0,0,0,1.49,838007,370,1121035,,,,,,37,000,2,Ontario,201812,2007,2010,,62,,Occurrence,22,1-Bodily Injury,2,,,,,,,,,,,,,,,,,,,,,,,,,,,,,,,,,,
0,0,0,0,29899983,37779,612740,,,,,,1,000,2,Ontario,201812,2015,2012,,70,,Occurrence,33,1-Bodily Injury,2,,,,,,,,,,,,,,,,,,,,,,,,,,,,,,,,,,
0,0,0,0,34375,28943,226489,,,,,,37,000,2,Ontario,201812,2017,2010,,50,,Occurrence,31,1-Bodily Injury,2,,,,,,,,,,,,,,,,,,,,,,,,,,,,,,,,,,
0,0,0,6,8776585,0,3654637,,,,,,27,000,2,Ontario,201812,2009,2007,,41,,Occurrence,42,1-Bodily Injury,1,,,,,,,,,,,,,,,,,,,,,,,,,,,,,,,,,,
0,0,0,34.25,10687,0,137518,,,,,,7,000,2,Ontario,201812,2007,2018,,62,,Claims-made,31,9-Other,1,,,,,,,,,,,,,,,,,,,,,,,,,,,,,,,,,,
0,0,0,93.849,0,0,660,,,,,,37,000,2,Ontario,201812,2007,2016,,61,,Occurrence,31,1-Bodily Injury,1,,,,,,,,,,,,,,,,,,,,,,,,,,,,,,,,,,
0,0,0,1,763570,-2319,3553,,,,,,27,000,2,Ontario,201812,2006,2008,,70,,Occurrence,70,4-Financial Loss,2,,,,,,,,,,,,,,,,,,,,,,,,,,,,,,,,,,
0,0,0,116.299,2757,0,10939,,,,,,3,000,2,Ontario,201812,2012,2009,,80,,Occurrence,51,2-Property Damage,1,,,,,,,,,,,,,,,,,,,,,,,,,,,,,,,,,,
0,0,0,29.199,0,41538,7267,,,,,,37,000,2,Ontario,201812,2009,2006,,61,,Occurrence,62,3-Personal Injury,1,,,,,,,,,,,,,,,,,,,,,,,,,,,,,,,,,,
0,0,0,29.91,0,43778,0,,,,,,27,000,2,Ontario,201812,2013,2017,,10,,Occurrence,33,2-Property Damage,2,,,,,,,,,,,,,,,,,,,,,,,,,,,,,,,,,,
0,0,0,0,3254968,25069,106566,,,,,,1,000,2,Ontario,201812,2010,2007,,10,,Occurrence,42,1-Bodily Injury,2,,,,,,,,,,,,,,,,,,,,,,,,,,,,,,,,,,
0,0,0,0,345026,0,0,,,,,,3,000,2,Ontario,201812,2016,2008,,10,,Claims-made,12,9-Other,1,,,,,,,,,,,,,,,,,,,,,,,,,,,,,,,,,,
0,0,0,2,212520,24214,17756,,,,,,1,000,2,Ontario,201812,2006,2018,,40,,Extended Reporting Period (ERP),34,3-Personal Injury,1,,,,,,,,,,,,,,,,,,,,,,,,,,,,,,,,,,
0,0,0,0,7936527,92184,149940,,,,,,27,000,2,Ontario,201812,2014,2016,,70,,Claims-made,32,4-Financial Loss,1,,,,,,,,,,,,,,,,,,,,,,,,,,,,,,,,,,
0,0,0,0,768426,-2,12071334,,,,,,9,000,2,Ontario,201812,2012,2017,,61,,Claims-made,13,9-Other,2,,,,,,,,,,,,,,,,,,,,,,,,,,,,,,,,,,
0,0,0,0,279024,0,-4371,,,,,,1,000,2,Ontario,201812,2004,2014,,10,,Claims-made,11,4-Financial Loss,1,,,,,,,,,,,,,,,,,,,,,,,,,,,,,,,,,,
0,0,0,0,0,0,1355017,,,,,,7,000,2,Ontario,201812,2006,2010,,10,,Occurrence,13,3-Personal Injury,1,,,,,,,,,,,,,,,,,,,,,,,,,,,,,,,,,,
0,0,0,1,1420126,95412,0,,,,,,17,000,2,Ontario,201812,2006,2010,,43,,Claims-made,33,1-Bodily Injury,1,,,,,,,,,,,,,,,,,,,,,,,,,,,,,,,,,,
0,0,0,0,-635,1191,1768719,,,,,,37,000,2,Ontario,201812,2007,2015,,62,,Occurrence,69,1-Bodily Injury,2,,,,,,,,,,,,,,,,,,,,,,,,,,,,,,,,,,
0,0,0,48.149,687619,1959677,0,,,,,,1,000,2,Ontario,201812,2009,2013,,10,,Claims-made,34,1-Bodily Injury,1,,,,,,,,,,,,,,,,,,,,,,,,,,,,,,,,,,
0,0,0,17.649,627503,0,2,,,,,,7,000,2,Ontario,201812,2011,2010,,30,,Occurrence,31,1-Bodily Injury,1,,,,,,,,,,,,,,,,,,,,,,,,,,,,,,,,,,
0,0,0,4,61726,0,151949,,,,,,37,000,2,Ontario,201812,2009,2011,,70,,Occurrence,22,4-Financial Loss,2,,,,,,,,,,,,,,,,,,,,,,,,,,,,,,,,,,
0,0,0,1,13331,25421,-219,,,,,,1,000,2,Ontario,201812,2005,2017,,10,,Claims-made,62,2-Property Damage,1,,,,,,,,,,,,,,,,,,,,,,,,,,,,,,,,,,
0,0,0,0.15,2263802,0,23386359,,,,,,39,000,2,Ontario,201812,2012,2013,,10,,Extended Reporting Period (ERP),34,1-Bodily Injury,2,,,,,,,,,,,,,,,,,,,,,,,,,,,,,,,,,,
0,0,0,0,119884,0,0,,,,,,27,000,2,Ontario,201812,2012,2008,,10,,Claims-made,62,2-Property Damage,2,,,,,,,,,,,,,,,,,,,,,,,,,,,,,,,,,,
0,0,0,96,80796,2283,26971,,,,,,25,000,2,Ontario,201812,2004,2010,,70,,Extended Reporting Period (ERP),34,4-Financial Loss,2,,,,,,,,,,,,,,,,,,,,,,,,,,,,,,,,,,
0,0,0,0,458823,3439,-5000,,,,,,37,000,2,Ontario,201812,2006,2010,,61,,Extended Reporting Period (ERP),31,1-Bodily Injury,2,,,,,,,,,,,,,,,,,,,,,,,,,,,,,,,,,,
0,0,0,1.5,7000,0,0,,,,,,27,000,2,Ontario,201812,2009,2010,,50,,Occurrence,62,4-Financial Loss,2,,,,,,,,,,,,,,,,,,,,,,,,,,,,,,,,,,
0,0,0,0,1809841,0,3660441,,,,,,1,000,2,Ontario,201812,2010,2015,,61,,Claims-made,11,3-Personal Injury,2,,,,,,,,,,,,,,,,,,,,,,,,,,,,,,,,,,
0,0,0,0,0,0,13150681,,,,,,31,000,2,Ontario,201812,2006,2014,,40,,Claims-made,21,9-Other,1,,,,,,,,,,,,,,,,,,,,,,,,,,,,,,,,,,
0,0,0,0,55000,9622,100,,,,,,7,000,2,Ontario,201812,2005,2017,,42,,Occurrence,12,2-Property Damage,2,,,,,,,,,,,,,,,,,,,,,,,,,,,,,,,,,,
0,0,0,0,71816091,482,63245,,,,,,3,000,2,Ontario,201812,2013,2018,,50,,Claims-made,11,4-Financial Loss,1,,,,,,,,,,,,,,,,,,,,,,,,,,,,,,,,,,
0,0,0,3,100212,3481927,21558,,,,,,3,000,2,Ontario,201812,2009,2010,,10,,Occurrence,22,2-Property Damage,2,,,,,,,,,,,,,,,,,,,,,,,,,,,,,,,,,,
0,0,0,0,1345669,0,973357,,,,,,1,000,2,Ontario,201812,2012,2015,,62,,Occurrence,11,1-Bodily Injury,1,,,,,,,,,,,,,,,,,,,,,,,,,,,,,,,,,,
0,0,0,1.149,1873584,336706,1120489,,,,,,1,000,2,Ontario,201812,2010,2010,,42,,Claims-made,21,3-Personal Injury,1,,,,,,,,,,,,,,,,,,,,,,,,,,,,,,,,,,
0,0,0,0,0,0,31200,,,,,,7,000,2,Ontario,201812,2014,2016,,10,,Occurrence,51,2-Property Damage,1,,,,,,,,,,,,,,,,,,,,,,,,,,,,,,,,,,
0,0,0,2.45,34191,4647,18466,,,,,,31,000,2,Ontario,201812,2010,2010,,41,,Occurrence,33,4-Financial Loss,1,,,,,,,,,,,,,,,,,,,,,,,,,,,,,,,,,,
0,0,0,9,100,1704,50741,,,,,,25,000,2,Ontario,201812,2006,2018,,61,,Occurrence,21,4-Financial Loss,2,,,,,,,,,,,,,,,,,,,,,,,,,,,,,,,,,,
0,0,0,25,0,1476690,250000,,,,,,7,000,2,Ontario,201812,2009,2018,,10,,Claims-made,61,1-Bodily Injury,2,,,,,,,,,,,,,,,,,,,,,,,,,,,,,,,,,,
0,0,0,6,0,144947,131804,,,,,,41,000,2,Ontario,201812,2006,2005,,70,,Occurrence,62,2-Property Damage,1,,,,,,,,,,,,,,,,,,,,,,,,,,,,,,,,,,
0,0,0,1,749000,300954,16213,,,,,,1,000,2,Ontario,201812,2005,2015,,70,,Occurrence,34,3-Personal Injury,1,,,,,,,,,,,,,,,,,,,,,,,,,,,,,,,,,,
0,0,0,2,0,26277,0,,,,,,27,000,2,Ontario,201812,2005,2004,,10,,Claims-made,11,2-Property Damage,1,,,,,,,,,,,,,,,,,,,,,,,,,,,,,,,,,,
0,0,0,0,264793,11724,1011974,,,,,,7,000,2,Ontario,201812,2011,2013,,10,,Occurrence,33,4-Financial Loss,1,,,,,,,,,,,,,,,,,,,,,,,,,,,,,,,,,,
0,0,0,2,2164502,107101,818339,,,,,,3,000,2,Ontario,201812,2010,2011,,62,,Occurrence,22,2-Property Damage,2,,,,,,,,,,,,,,,,,,,,,,,,,,,,,,,,,,
0,0,0,72.049,341171,46360,127250578,,,,,,3,000,2,Ontario,201812,2016,2011,,41,,Occurrence,32,2-Property Damage,2,,,,,,,,,,,,,,,,,,,,,,,,,,,,,,,,,,
0,0,0,58.299,0,17572,0,,,,,,9,000,2,Ontario,201812,2004,2017,,70,,Occurrence,31,2-Property Damage,2,,,,,,,,,,,,,,,,,,,,,,,,,,,,,,,,,,
0,0,0,0,231708,0,407347,,,,,,13,000,2,Ontario,201812,2007,2016,,41,,Occurrence,11,2-Property Damage,2,,,,,,,,,,,,,,,,,,,,,,,,,,,,,,,,,,
0,0,0,1,300,0,7821318,,,,,,9,000,2,Ontario,201812,2011,2014,,10,,Claims-made,21,1-Bodily Injury,1,,,,,,,,,,,,,,,,,,,,,,,,,,,,,,,,,,
0,0,0,1,18150,6377,12085,,,,,,7,000,2,Ontario,201812,2010,2012,,10,,Occurrence,12,4-Financial Loss,2,,,,,,,,,,,,,,,,,,,,,,,,,,,,,,,,,,
0,0,0,0,0,0,2484537,,,,,,7,000,2,Ontario,201812,2012,2017,,70,,Extended Reporting Period (ERP),32,2-Property Damage,1,,,,,,,,,,,,,,,,,,,,,,,,,,,,,,,,,,
0,0,0,1,0,40355,400,,,,,,37,000,2,Ontario,201812,2015,2009,,61,,Extended Reporting Period (ERP),22,1-Bodily Injury,1,,,,,,,,,,,,,,,,,,,,,,,,,,,,,,,,,,
0,0,0,2,25212,0,0,,,,,,1,000,2,Ontario,201812,2007,2016,,71,,Occurrence,22,2-Property Damage,1,,,,,,,,,,,,,,,,,,,,,,,,,,,,,,,,,,
0,0,0,1,3383285,0,3123218,,,,,,37,000,2,Ontario,201812,2005,2013,,80,,Occurrence,12,2-Property Damage,1,,,,,,,,,,,,,,,,,,,,,,,,,,,,,,,,,,
0,0,0,2,0,19238,775836,,,,,,11,000,2,Ontario,201812,2010,2015,,62,,Occurrence,12,1-Bodily Injury,2,,,,,,,,,,,,,,,,,,,,,,,,,,,,,,,,,,
0,0,0,1,9895,1236855,7662422,,,,,,1,000,2,Ontario,201812,2013,2013,,30,,Occurrence,31,2-Property Damage,1,,,,,,,,,,,,,,,,,,,,,,,,,,,,,,,,,,
0,0,0,0,11161021,33503,0,,,,,,9,000,2,Ontario,201812,2016,2015,,61,,Occurrence,31,1-Bodily Injury,2,,,,,,,,,,,,,,,,,,,,,,,,,,,,,,,,,,
0,0,0,0,20866,14027,46522,,,,,,11,000,2,Ontario,201812,2012,2009,,10,,Claims-made,12,2-Property Damage,2,,,,,,,,,,,,,,,,,,,,,,,,,,,,,,,,,,
0,0,0,0,32000,0,2000,,,,,,33,000,2,Ontario,201812,2016,2014,,30,,Occurrence,12,9-Other,2,,,,,,,,,,,,,,,,,,,,,,,,,,,,,,,,,,
0,0,0,264.3,0,0,15,,,,,,3,000,2,Ontario,201812,2013,2011,,10,,Claims-made,32,9-Other,2,,,,,,,,,,,,,,,,,,,,,,,,,,,,,,,,,,
0,0,0,1.159,2194965,1732,178352,,,,,,1,000,2,Ontario,201812,2008,2016,,10,,Claims-made,34,2-Property Damage,1,,,,,,,,,,,,,,,,,,,,,,,,,,,,,,,,,,
0,0,0,0,546436,31572,7157774,,,,,,15,000,2,Ontario,201812,2004,2007,,10,,Occurrence,31,1-Bodily Injury,1,,,,,,,,,,,,,,,,,,,,,,,,,,,,,,,,,,
0,0,0,0,-10000,75639,32140,,,,,,7,000,2,Ontario,201812,2010,2014,,70,,Occurrence,13,1-Bodily Injury,2,,,,,,,,,,,,,,,,,,,,,,,,,,,,,,,,,,
0,0,0,0,0,0,12802,,,,,,27,000,2,Ontario,201812,2012,2013,,41,,Extended Reporting Period (ERP),69,1-Bodily Injury,2,,,,,,,,,,,,,,,,,,,,,,,,,,,,,,,,,,
0,0,0,29,2237709,0,2498,,,,,,41,000,2,Ontario,201812,2009,2011,,20,,Occurrence,61,4-Financial Loss,2,,,,,,,,,,,,,,,,,,,,,,,,,,,,,,,,,,
0,0,0,58.679,0,57166,136,,,,,,25,000,2,Ontario,201812,2005,2017,,61,,Occurrence,32,9-Other,2,,,,,,,,,,,,,,,,,,,,,,,,,,,,,,,,,,
0,0,0,8,8500,0,22736,,,,,,25,000,2,Ontario,201812,2006,2013,,40,,Occurrence,21,4-Financial Loss,2,,,,,,,,,,,,,,,,,,,,,,,,,,,,,,,,,,
0,0,0,2,11,0,12946431,,,,,,1,000,2,Ontario,201812,2018,2017,,10,,Occurrence,31,2-Property Damage,2,,,,,,,,,,,,,,,,,,,,,,,,,,,,,,,,,,
0,0,0,0,0,220,2005,,,,,,33,000,2,Ontario,201812,2004,2005,,10,,Claims-made,31,4-Financial Loss,2,,,,,,,,,,,,,,,,,,,,,,,,,,,,,,,,,,
0,0,0,1,68643,0,2133,,,,,,27,000,2,Ontario,201812,2016,2005,,40,,Occurrence,69,2-Property Damage,1,,,,,,,,,,,,,,,,,,,,,,,,,,,,,,,,,,
0,0,0,0,0,78487,234525,,,,,,27,000,2,Ontario,201812,2010,2012,,61,,Claims-made,34,1-Bodily Injury,1,,,,,,,,,,,,,,,,,,,,,,,,,,,,,,,,,,
0,0,0,1,58465,21265,8327150,,,,,,37,000,2,Ontario,201812,2004,2018,,20,,Occurrence,22,1-Bodily Injury,1,,,,,,,,,,,,,,,,,,,,,,,,,,,,,,,,,,
0,0,0,0,641500,1821470,80274,,,,,,1,000,2,Ontario,201812,2010,2009,,10,,Claims-made,34,1-Bodily Injury,2,,,,,,,,,,,,,,,,,,,,,,,,,,,,,,,,,,
0,0,0,0,92802,7405348,232400,,,,,,27,000,2,Ontario,201812,2008,2013,,41,,Occurrence,34,2-Property Damage,1,,,,,,,,,,,,,,,,,,,,,,,,,,,,,,,,,,
0,0,0,1,0,623,176881,,,,,,39,000,2,Ontario,201812,2010,2018,,70,,Occurrence,62,2-Property Damage,2,,,,,,,,,,,,,,,,,,,,,,,,,,,,,,,,,,
0,0,0,0,178584,75896,0,,,,,,5,000,2,Ontario,201812,2006,2006,,20,,Claims-made,34,3-Personal Injury,2,,,,,,,,,,,,,,,,,,,,,,,,,,,,,,,,,,
0,0,0,10.779,1130473,86540,0,,,,,,25,000,2,Ontario,201812,2013,2006,,50,,Claims-made,33,2-Property Damage,1,,,,,,,,,,,,,,,,,,,,,,,,,,,,,,,,,,
0,0,0,0,0,-6791,4499,,,,,,25,000,2,Ontario,201812,2005,2011,,10,,Occurrence,22,3-Personal Injury,1,,,,,,,,,,,,,,,,,,,,,,,,,,,,,,,,,,
0,0,0,1,9460,0,0,,,,,,9,000,2,Ontario,201812,2013,2018,,70,,Claims-made,33,1-Bodily Injury,2,,,,,,,,,,,,,,,,,,,,,,,,,,,,,,,,,,
0,0,0,4,108171,127420,0,,,,,,37,000,2,Ontario,201812,2013,2011,,41,,Claims-made,34,2-Property Damage,2,,,,,,,,,,,,,,,,,,,,,,,,,,,,,,,,,,
0,0,0,0,0,2463,545,,,,,,27,000,2,Ontario,201812,2007,2009,,20,,Occurrence,62,4-Financial Loss,1,,,,,,,,,,,,,,,,,,,,,,,,,,,,,,,,,,
0,0,0,0,187336,1249,6243077,,,,,,37,000,2,Ontario,201812,2008,2015,,20,,Extended Reporting Period (ERP),34,3-Personal Injury,1,,,,,,,,,,,,,,,,,,,,,,,,,,,,,,,,,,
0,0,0,0,308906,0,176365360,,,,,,37,000,2,Ontario,201812,2014,2010,,70,,Occurrence,61,1-Bodily Injury,2,,,,,,,,,,,,,,,,,,,,,,,,,,,,,,,,,,
0,0,0,0,53765,0,0,,,,,,1,000,2,Ontario,201812,2006,2017,,61,,Occurrence,31,4-Financial Loss,2,,,,,,,,,,,,,,,,,,,,,,,,,,,,,,,,,,
0,0,0,0,0,0,23200775,,,,,,1,000,2,Ontario,201812,2005,2013,,61,,Occurrence,34,2-Property Damage,1,,,,,,,,,,,,,,,,,,,,,,,,,,,,,,,,,,
0,0,0,0,18254047,50000,0,,,,,,9,000,2,Ontario,201812,2014,2016,,42,,Claims-made,31,2-Property Damage,2,,,,,,,,,,,,,,,,,,,,,,,,,,,,,,,,,,
0,0,0,3,392214,1532699,4034,,,,,,37,000,2,Ontario,201812,2004,2005,,10,,Occurrence,34,1-Bodily Injury,1,,,,,,,,,,,,,,,,,,,,,,,,,,,,,,,,,,
0,0,0,0,28193776,204175,5,,,,,,17,000,2,Ontario,201812,2013,2018,,70,,Occurrence,31,1-Bodily Injury,2,,,,,,,,,,,,,,,,,,,,,,,,,,,,,,,,,,
0,0,0,1,0,95930,20842,,,,,,9,000,2,Ontario,201812,2016,2012,,61,,Occurrence,31,9-Other,2,,,,,,,,,,,,,,,,,,,,,,,,,,,,,,,,,,
0,0,0,1.1,0,2028,205552,,,,,,3,000,2,Ontario,201812,2008,2017,,50,,Occurrence,11,9-Other,1,,,,,,,,,,,,,,,,,,,,,,,,,,,,,,,,,,
0,0,0,0,1989821,19333,3466990,,,,,,37,000,2,Ontario,201812,2004,2010,,10,,Occurrence,11,4-Financial Loss,1,,,,,,,,,,,,,,,,,,,,,,,,,,,,,,,,,,
0,0,0,372.399,8883,0,2022233,,,,,,37,000,2,Ontario,201812,2009,2018,,40,,Claims-made,11,2-Property Damage,2,,,,,,,,,,,,,,,,,,,,,,,,,,,,,,,,,,
0,0,0,0,0,1428291,1479188,,,,,,7,000,2,Ontario,201812,2004,2018,,40,,Occurrence,61,3-Personal Injury,2,,,,,,,,,,,,,,,,,,,,,,,,,,,,,,,,,,
0,0,0,0,10134,36245,11384,,,,,,3,000,2,Ontario,201812,2011,2018,,40,,Claims-made,11,2-Property Damage,1,,,,,,,,,,,,,,,,,,,,,,,,,,,,,,,,,,
0,0,0,35,0,13284,483915,,,,,,3,000,2,Ontario,201812,2011,2013,,40,,Extended Reporting Period (ERP),21,1-Bodily Injury,1,,,,,,,,,,,,,,,,,,,,,,,,,,,,,,,,,,
0,0,0,1,0,2500,35206,,,,,,25,000,2,Ontario,201812,2012,2011,,61,,Occurrence,69,2-Property Damage,1,,,,,,,,,,,,,,,,,,,,,,,,,,,,,,,,,,
0,0,0,13,144885,2882,30436,,,,,,1,000,2,Ontario,201812,2007,2016,,50,,Extended Reporting Period (ERP),51,3-Personal Injury,2,,,,,,,,,,,,,,,,,,,,,,,,,,,,,,,,,,
0,0,0,1,26680,0,179306,,,,,,3,000,2,Ontario,201812,2015,2009,,10,,Occurrence,22,1-Bodily Injury,2,,,,,,,,,,,,,,,,,,,,,,,,,,,,,,,,,,
0,0,0,106.4,602698,21638,417045,,,,,,3,000,2,Ontario,201812,2012,2008,,62,,Claims-made,69,9-Other,2,,,,,,,,,,,,,,,,,,,,,,,,,,,,,,,,,,
0,0,0,18,45867303,0,552,,,,,,33,000,2,Ontario,201812,2006,2016,,70,,Occurrence,34,2-Property Damage,2,,,,,,,,,,,,,,,,,,,,,,,,,,,,,,,,,,
0,0,0,0,0,0,614082,,,,,,37,000,2,Ontario,201812,2008,2010,,10,,Occurrence,31,3-Personal Injury,2,,,,,,,,,,,,,,,,,,,,,,,,,,,,,,,,,,
0,0,0,3.5,0,28321,1763,,,,,,17,000,2,Ontario,201812,2012,2018,,61,,Extended Reporting Period (ERP),11,1-Bodily Injury,1,,,,,,,,,,,,,,,,,,,,,,,,,,,,,,,,,,
0,0,0,0,0,1030991,346920,,,,,,1,000,2,Ontario,201812,2011,2006,,20,,Occurrence,12,4-Financial Loss,1,,,,,,,,,,,,,,,,,,,,,,,,,,,,,,,,,,
0,0,0,52,0,234486,219156,,,,,,1,000,2,Ontario,201812,2006,2010,,10,,Occurrence,21,1-Bodily Injury,2,,,,,,,,,,,,,,,,,,,,,,,,,,,,,,,,,,
0,0,0,0,34448443,46607,12254,,,,,,1,000,2,Ontario,201812,2005,2018,,20,,Occurrence,62,1-Bodily Injury,2,,,,,,,,,,,,,,,,,,,,,,,,,,,,,,,,,,
0,0,0,1,87500,0,0,,,,,,1,000,2,Ontario,201812,2009,2009,,41,,Claims-made,12,1-Bodily Injury,1,,,,,,,,,,,,,,,,,,,,,,,,,,,,,,,,,,
0,0,0,965.6,362028,1437,1478611,,,,,,1,000,2,Ontario,201812,2006,2011,,41,,Occurrence,32,2-Property Damage,2,,,,,,,,,,,,,,,,,,,,,,,,,,,,,,,,,,
0,0,0,1,0,0,0,,,,,,17,000,2,Ontario,201812,2012,2015,,40,,Occurrence,32,2-Property Damage,2,,,,,,,,,,,,,,,,,,,,,,,,,,,,,,,,,,
0,0,0,3,2024,2298,115665,,,,,,3,000,2,Ontario,201812,2006,2013,,10,,Occurrence,34,1-Bodily Injury,1,,,,,,,,,,,,,,,,,,,,,,,,,,,,,,,,,,
0,0,0,1,74343,312372,2018003,,,,,,9,000,2,Ontario,201812,2014,2016,,10,,Occurrence,32,2-Property Damage,2,,,,,,,,,,,,,,,,,,,,,,,,,,,,,,,,,,
0,0,0,1,33213,215030,0,,,,,,25,000,2,Ontario,201812,2008,2010,,70,,Extended Reporting Period (ERP),12,3-Personal Injury,1,,,,,,,,,,,,,,,,,,,,,,,,,,,,,,,,,,
0,0,0,0,0,518450,3000000,,,,,,3,000,2,Ontario,201812,2005,2016,,10,,Occurrence,11,1-Bodily Injury,2,,,,,,,,,,,,,,,,,,,,,,,,,,,,,,,,,,
0,0,0,0,0,0,11389,,,,,,9,000,2,Ontario,201812,2010,2017,,20,,Occurrence,32,1-Bodily Injury,1,,,,,,,,,,,,,,,,,,,,,,,,,,,,,,,,,,
0,0,0,1,1988,0,144810,,,,,,1,000,2,Ontario,201812,2011,2011,,30,,Occurrence,34,2-Property Damage,2,,,,,,,,,,,,,,,,,,,,,,,,,,,,,,,,,,
0,0,0,66.9,0,0,21000,,,,,,9,000,2,Ontario,201812,2010,2012,,42,,Claims-made,31,1-Bodily Injury,1,,,,,,,,,,,,,,,,,,,,,,,,,,,,,,,,,,
0,0,0,0,2062518,557382,600480,,,,,,27,000,2,Ontario,201812,2006,2018,,10,,Occurrence,34,2-Property Damage,1,,,,,,,,,,,,,,,,,,,,,,,,,,,,,,,,,,
0,0,0,6,6908061,1243,2686,,,,,,3,000,2,Ontario,201812,2005,2016,,40,,Occurrence,12,1-Bodily Injury,1,,,,,,,,,,,,,,,,,,,,,,,,,,,,,,,,,,
0,0,0,6,9159,310251,134306,,,,,,17,000,2,Ontario,201812,2018,2010,,70,,Occurrence,22,1-Bodily Injury,1,,,,,,,,,,,,,,,,,,,,,,,,,,,,,,,,,,
0,0,0,0,8532500,0,102448,,,,,,3,000,2,Ontario,201812,2011,2012,,70,,Occurrence,22,2-Property Damage,1,,,,,,,,,,,,,,,,,,,,,,,,,,,,,,,,,,
0,0,0,15,0,3532844,70251,,,,,,3,000,2,Ontario,201812,2006,2011,,41,,Occurrence,12,4-Financial Loss,1,,,,,,,,,,,,,,,,,,,,,,,,,,,,,,,,,,
0,0,0,0,20000,2962783,21704,,,,,,31,000,2,Ontario,201812,2012,2008,,61,,Occurrence,32,4-Financial Loss,1,,,,,,,,,,,,,,,,,,,,,,,,,,,,,,,,,,
0,0,0,0,-537,2183,37627,,,,,,1,000,2,Ontario,201812,2011,2006,,50,,Occurrence,32,3-Personal Injury,2,,,,,,,,,,,,,,,,,,,,,,,,,,,,,,,,,,
0,0,0,1,159437,0,14300,,,,,,1,000,2,Ontario,201812,2008,2008,,70,,Claims-made,62,1-Bodily Injury,2,,,,,,,,,,,,,,,,,,,,,,,,,,,,,,,,,,
0,0,0,0,254115,7405,848036,,,,,,11,000,2,Ontario,201812,2008,2012,,40,,Claims-made,70,2-Property Damage,1,,,,,,,,,,,,,,,,,,,,,,,,,,,,,,,,,,
0,0,0,0,1732197,4867974,300,,,,,,17,000,2,Ontario,201812,2012,2015,,61,,Occurrence,42,1-Bodily Injury,2,,,,,,,,,,,,,,,,,,,,,,,,,,,,,,,,,,
0,0,0,0,717300,1942935,44,,,,,,37,000,2,Ontario,201812,2013,2014,,10,,Occurrence,12,2-Property Damage,1,,,,,,,,,,,,,,,,,,,,,,,,,,,,,,,,,,
0,0,0,0,8,0,557932,,,,,,1,000,2,Ontario,201812,2016,2009,,10,,Claims-made,31,4-Financial Loss,1,,,,,,,,,,,,,,,,,,,,,,,,,,,,,,,,,,
0,0,0,42,0,9914,1126132,,,,,,7,000,2,Ontario,201812,2014,2018,,41,,Occurrence,31,3-Personal Injury,1,,,,,,,,,,,,,,,,,,,,,,,,,,,,,,,,,,
0,0,0,3,330000,0,246347,,,,,,37,000,2,Ontario,201812,2004,2017,,20,,Occurrence,34,1-Bodily Injury,1,,,,,,,,,,,,,,,,,,,,,,,,,,,,,,,,,,
0,0,0,0,8803,0,25800,,,,,,25,000,2,Ontario,201812,2016,2007,,20,,Occurrence,33,2-Property Damage,1,,,,,,,,,,,,,,,,,,,,,,,,,,,,,,,,,,
0,0,0,0,8198905,11413,6835,,,,,,1,000,2,Ontario,201812,2006,2009,,40,,Occurrence,32,2-Property Damage,1,,,,,,,,,,,,,,,,,,,,,,,,,,,,,,,,,,
0,0,0,5.5,0,0,690,,,,,,1,000,2,Ontario,201812,2005,2017,,61,,Occurrence,34,1-Bodily Injury,1,,,,,,,,,,,,,,,,,,,,,,,,,,,,,,,,,,
0,0,0,1,526467,2226649,278006,,,,,,3,000,2,Ontario,201812,2005,2017,,10,,Claims-made,33,2-Property Damage,2,,,,,,,,,,,,,,,,,,,,,,,,,,,,,,,,,,
0,0,0,6.45,582909,0,3359960,,,,,,3,000,2,Ontario,201812,2006,2017,,62,,Occurrence,32,2-Property Damage,2,,,,,,,,,,,,,,,,,,,,,,,,,,,,,,,,,,
0,0,0,0,194222,29743,-30764,,,,,,1,000,2,Ontario,201812,2004,2008,,41,,Claims-made,34,2-Property Damage,2,,,,,,,,,,,,,,,,,,,,,,,,,,,,,,,,,,
0,0,0,1,0,0,111313,,,,,,17,000,2,Ontario,201812,2007,2015,,61,,Occurrence,34,2-Property Damage,1,,,,,,,,,,,,,,,,,,,,,,,,,,,,,,,,,,
0,0,0,0,-15381,56384,37542828,,,,,,9,000,2,Ontario,201812,2004,2011,,50,,Occurrence,34,1-Bodily Injury,2,,,,,,,,,,,,,,,,,,,,,,,,,,,,,,,,,,
0,0,0,1,19,0,2765,,,,,,27,000,2,Ontario,201812,2005,2012,,20,,Occurrence,34,2-Property Damage,2,,,,,,,,,,,,,,,,,,,,,,,,,,,,,,,,,,
0,0,0,0,139,22784,3569,,,,,,17,000,2,Ontario,201812,2007,2015,,50,,Occurrence,21,2-Property Damage,1,,,,,,,,,,,,,,,,,,,,,,,,,,,,,,,,,,
0,0,0,0,0,550797,-6297,,,,,,1,000,2,Ontario,201812,2015,2012,,20,,Claims-made,33,2-Property Damage,2,,,,,,,,,,,,,,,,,,,,,,,,,,,,,,,,,,
0,0,0,1,2112178,841,320230,,,,,,1,000,2,Ontario,201812,2004,2009,,70,,Occurrence,13,2-Property Damage,2,,,,,,,,,,,,,,,,,,,,,,,,,,,,,,,,,,
0,0,0,1,-500,23240,6192,,,,,,27,000,2,Ontario,201812,2004,2009,,20,,Extended Reporting Period (ERP),11,4-Financial Loss,1,,,,,,,,,,,,,,,,,,,,,,,,,,,,,,,,,,
0,0,0,7.549,0,0,267644,,,,,,27,000,2,Ontario,201812,2007,2009,,41,,Claims-made,11,2-Property Damage,1,,,,,,,,,,,,,,,,,,,,,,,,,,,,,,,,,,
0,0,0,1,0,0,66026,,,,,,1,000,2,Ontario,201812,2004,2017,,42,,Claims-made,21,1-Bodily Injury,1,,,,,,,,,,,,,,,,,,,,,,,,,,,,,,,,,,
0,0,0,12,295439,2692,0,,,,,,25,000,2,Ontario,201812,2018,2005,,61,,Occurrence,62,2-Property Damage,1,,,,,,,,,,,,,,,,,,,,,,,,,,,,,,,,,,
0,0,0,11,1756392,11501,14127,,,,,,9,000,2,Ontario,201812,2011,2017,,10,,Occurrence,11,1-Bodily Injury,2,,,,,,,,,,,,,,,,,,,,,,,,,,,,,,,,,,
0,0,0,0,2000,157183,167765,,,,,,3,000,2,Ontario,201812,2004,2011,,10,,Claims-made,33,3-Personal Injury,1,,,,,,,,,,,,,,,,,,,,,,,,,,,,,,,,,,
0,0,0,6.299,0,0,4956940,,,,,,3,000,2,Ontario,201812,2010,2014,,20,,Occurrence,33,4-Financial Loss,1,,,,,,,,,,,,,,,,,,,,,,,,,,,,,,,,,,
0,0,0,2,0,0,0,,,,,,37,000,2,Ontario,201812,2008,2018,,10,,Occurrence,69,1-Bodily Injury,1,,,,,,,,,,,,,,,,,,,,,,,,,,,,,,,,,,
0,0,0,356.639,32625,24355,0,,,,,,1,000,2,Ontario,201812,2011,2017,,41,,Occurrence,32,2-Property Damage,1,,,,,,,,,,,,,,,,,,,,,,,,,,,,,,,,,,
0,0,0,3,1950785,29389,97639,,,,,,9,000,2,Ontario,201812,2005,2010,,70,,Occurrence,69,1-Bodily Injury,2,,,,,,,,,,,,,,,,,,,,,,,,,,,,,,,,,,
0,0,0,336.079,-25598,8087650,0,,,,,,25,000,2,Ontario,201812,2016,2017,,10,,Claims-made,62,1-Bodily Injury,2,,,,,,,,,,,,,,,,,,,,,,,,,,,,,,,,,,
0,0,0,278.889,0,0,0,,,,,,3,000,2,Ontario,201812,2012,2018,,61,,Occurrence,61,1-Bodily Injury,2,,,,,,,,,,,,,,,,,,,,,,,,,,,,,,,,,,
0,0,0,0,0,310851,69301,,,,,,27,000,2,Ontario,201812,2012,2013,,10,,Occurrence,31,2-Property Damage,2,,,,,,,,,,,,,,,,,,,,,,,,,,,,,,,,,,
0,0,0,282.879,16346120,20056,328344,,,,,,25,000,2,Ontario,201812,2009,2007,,40,,Claims-made,11,1-Bodily Injury,1,,,,,,,,,,,,,,,,,,,,,,,,,,,,,,,,,,
0,0,0,29,0,0,611,,,,,,27,000,2,Ontario,201812,2007,2014,,20,,Claims-made,51,1-Bodily Injury,2,,,,,,,,,,,,,,,,,,,,,,,,,,,,,,,,,,
0,0,0,3,0,0,225986,,,,,,27,000,2,Ontario,201812,2014,2015,,10,,Occurrence,22,4-Financial Loss,2,,,,,,,,,,,,,,,,,,,,,,,,,,,,,,,,,,
0,0,0,130.08,79925,16620,2463,,,,,,1,000,2,Ontario,201812,2006,2008,,62,,Occurrence,62,2-Property Damage,2,,,,,,,,,,,,,,,,,,,,,,,,,,,,,,,,,,
0,0,0,8,-16115,1488,23827825,,,,,,1,000,2,Ontario,201812,2005,2005,,50,,Occurrence,22,1-Bodily Injury,2,,,,,,,,,,,,,,,,,,,,,,,,,,,,,,,,,,
0,0,0,1,0,233128,0,,,,,,1,000,2,Ontario,201812,2004,2011,,10,,Occurrence,13,2-Property Damage,2,,,,,,,,,,,,,,,,,,,,,,,,,,,,,,,,,,
0,0,0,1,100,0,291981,,,,,,17,000,2,Ontario,201812,2010,2009,,20,,Occurrence,33,1-Bodily Injury,2,,,,,,,,,,,,,,,,,,,,,,,,,,,,,,,,,,
0,0,0,1.5,328236,165858,52868,,,,,,1,000,2,Ontario,201812,2010,2014,,62,,Occurrence,31,2-Property Damage,2,,,,,,,,,,,,,,,,,,,,,,,,,,,,,,,,,,
0,0,0,0,0,0,0,,,,,,1,000,2,Ontario,201812,2011,2014,,70,,Claims-made,22,9-Other,1,,,,,,,,,,,,,,,,,,,,,,,,,,,,,,,,,,
0,0,0,0,702,0,6145,,,,,,37,000,2,Ontario,201812,2005,2005,,50,,Extended Reporting Period (ERP),62,3-Personal Injury,1,,,,,,,,,,,,,,,,,,,,,,,,,,,,,,,,,,
0,0,0,63,241157,7596,4912576,,,,,,7,000,2,Ontario,201812,2010,2016,,70,,Claims-made,34,9-Other,2,,,,,,,,,,,,,,,,,,,,,,,,,,,,,,,,,,
0,0,0,64,74300,0,266468,,,,,,1,000,2,Ontario,201812,2008,2008,,62,,Occurrence,13,1-Bodily Injury,2,,,,,,,,,,,,,,,,,,,,,,,,,,,,,,,,,,
0,0,0,0,37577241,0,188249,,,,,,37,000,2,Ontario,201812,2016,2013,,10,,Claims-made,62,4-Financial Loss,2,,,,,,,,,,,,,,,,,,,,,,,,,,,,,,,,,,
0,0,0,0,25,55307,166610234,,,,,,3,000,2,Ontario,201812,2006,2007,,62,,Occurrence,34,3-Personal Injury,1,,,,,,,,,,,,,,,,,,,,,,,,,,,,,,,,,,
0,0,0,8.699,0,0,90196,,,,,,3,000,2,Ontario,201812,2004,2010,,20,,Occurrence,21,1-Bodily Injury,2,,,,,,,,,,,,,,,,,,,,,,,,,,,,,,,,,,
0,0,0,29.85,96226,4723,4258,,,,,,1,000,2,Ontario,201812,2009,2006,,20,,Occurrence,31,4-Financial Loss,1,,,,,,,,,,,,,,,,,,,,,,,,,,,,,,,,,,
0,0,0,2,0,0,885303,,,,,,37,000,2,Ontario,201812,2004,2007,,41,,Occurrence,12,4-Financial Loss,2,,,,,,,,,,,,,,,,,,,,,,,,,,,,,,,,,,
0,0,0,0,10500,0,200000,,,,,,37,000,2,Ontario,201812,2007,2017,,61,,Occurrence,51,1-Bodily Injury,1,,,,,,,,,,,,,,,,,,,,,,,,,,,,,,,,,,
0,0,0,0.6,0,12485,79,,,,,,33,000,2,Ontario,201812,2016,2010,,42,,Occurrence,34,4-Financial Loss,1,,,,,,,,,,,,,,,,,,,,,,,,,,,,,,,,,,
0,0,0,4.15,74252,16831,456933,,,,,,25,000,2,Ontario,201812,2009,2014,,70,,Occurrence,12,1-Bodily Injury,1,,,,,,,,,,,,,,,,,,,,,,,,,,,,,,,,,,
0,0,0,0,2000,124486,2680435,,,,,,37,000,2,Ontario,201812,2014,2012,,50,,Occurrence,32,2-Property Damage,2,,,,,,,,,,,,,,,,,,,,,,,,,,,,,,,,,,
0,0,0,0,42962,2881755,0,,,,,,1,000,2,Ontario,201812,2005,2012,,61,,Extended Reporting Period (ERP),34,3-Personal Injury,1,,,,,,,,,,,,,,,,,,,,,,,,,,,,,,,,,,
0,0,0,0,0,17467,138887,,,,,,27,000,2,Ontario,201812,2009,2017,,41,,Occurrence,33,2-Property Damage,2,,,,,,,,,,,,,,,,,,,,,,,,,,,,,,,,,,
0,0,0,1,8,0,26996839,,,,,,17,000,2,Ontario,201812,2007,2010,,10,,Extended Reporting Period (ERP),22,1-Bodily Injury,1,,,,,,,,,,,,,,,,,,,,,,,,,,,,,,,,,,
0,0,0,0,42165,32168,2327218,,,,,,3,000,2,Ontario,201812,2013,2008,,80,,Occurrence,11,1-Bodily Injury,2,,,,,,,,,,,,,,,,,,,,,,,,,,,,,,,,,,
0,0,0,0,0,0,9274987,,,,,,37,000,2,Ontario,201812,2005,2018,,20,,Occurrence,34,2-Property Damage,1,,,,,,,,,,,,,,,,,,,,,,,,,,,,,,,,,,
0,0,0,1,32773,301820,0,,,,,,7,000,2,Ontario,201812,2010,2012,,70,,Occurrence,21,2-Property Damage,2,,,,,,,,,,,,,,,,,,,,,,,,,,,,,,,,,,
0,0,0,291.8,0,0,4240650,,,,,,1,000,2,Ontario,201812,2011,2017,,61,,Claims-made,22,1-Bodily Injury,2,,,,,,,,,,,,,,,,,,,,,,,,,,,,,,,,,,
0,0,0,70,0,3863845,1111,,,,,,17,000,2,Ontario,201812,2005,2014,,20,,Occurrence,31,1-Bodily Injury,2,,,,,,,,,,,,,,,,,,,,,,,,,,,,,,,,,,
0,0,0,0,0,35,321018,,,,,,1,000,2,Ontario,201812,2005,2010,,10,,Occurrence,11,9-Other,1,,,,,,,,,,,,,,,,,,,,,,,,,,,,,,,,,,
0,0,0,0,0,0,33000,,,,,,15,000,2,Ontario,201812,2005,2016,,20,,Claims-made,62,4-Financial Loss,1,,,,,,,,,,,,,,,,,,,,,,,,,,,,,,,,,,
0,0,0,2,88237,6058,20355,,,,,,9,000,2,Ontario,201812,2004,2007,,10,,Occurrence,12,4-Financial Loss,2,,,,,,,,,,,,,,,,,,,,,,,,,,,,,,,,,,
0,0,0,2,50236,0,-97701,,,,,,25,000,2,Ontario,201812,2004,2011,,71,,Claims-made,34,2-Property Damage,1,,,,,,,,,,,,,,,,,,,,,,,,,,,,,,,,,,
0,0,0,0,150994,1559301,506341,,,,,,9,000,2,Ontario,201812,2007,2016,,44,,Occurrence,34,2-Property Damage,2,,,,,,,,,,,,,,,,,,,,,,,,,,,,,,,,,,
0,0,0,0,0,111899,84297266,,,,,,25,000,2,Ontario,201812,2012,2017,,42,,Occurrence,31,3-Personal Injury,2,,,,,,,,,,,,,,,,,,,,,,,,,,,,,,,,,,
0,0,0,1,0,0,7678506,,,,,,1,000,2,Ontario,201812,2016,2015,,20,,Occurrence,62,1-Bodily Injury,1,,,,,,,,,,,,,,,,,,,,,,,,,,,,,,,,,,
0,0,0,0,2706,3821,154578456,,,,,,9,000,2,Ontario,201812,2006,2015,,41,,Claims-made,62,2-Property Damage,1,,,,,,,,,,,,,,,,,,,,,,,,,,,,,,,,,,
0,0,0,0,0,5595,119112,,,,,,27,000,2,Ontario,201812,2013,2007,,10,,Occurrence,51,1-Bodily Injury,2,,,,,,,,,,,,,,,,,,,,,,,,,,,,,,,,,,
0,0,0,4,48000,0,245095,,,,,,1,000,2,Ontario,201812,2006,2015,,40,,Occurrence,32,1-Bodily Injury,1,,,,,,,,,,,,,,,,,,,,,,,,,,,,,,,,,,
0,0,0,0,339587,103614,3207,,,,,,3,000,2,Ontario,201812,2005,2017,,10,,Claims-made,12,4-Financial Loss,2,,,,,,,,,,,,,,,,,,,,,,,,,,,,,,,,,,
0,0,0,2,13879064,0,310597,,,,,,1,000,2,Ontario,201812,2011,2018,,61,,Occurrence,34,2-Property Damage,2,,,,,,,,,,,,,,,,,,,,,,,,,,,,,,,,,,
0,0,0,21,100000,1048062,1286675,,,,,,3,000,2,Ontario,201812,2004,2016,,61,,Occurrence,34,3-Personal Injury,1,,,,,,,,,,,,,,,,,,,,,,,,,,,,,,,,,,
0,0,0,0,600,28676,250,,,,,,11,000,2,Ontario,201812,2009,2008,,43,,Occurrence,34,9-Other,2,,,,,,,,,,,,,,,,,,,,,,,,,,,,,,,,,,
0,0,0,1,0,0,168885,,,,,,9,000,2,Ontario,201812,2007,2014,,61,,Occurrence,12,9-Other,2,,,,,,,,,,,,,,,,,,,,,,,,,,,,,,,,,,
0,0,0,81,0,0,45637,,,,,,9,000,2,Ontario,201812,2014,2016,,41,,Claims-made,61,1-Bodily Injury,2,,,,,,,,,,,,,,,,,,,,,,,,,,,,,,,,,,
0,0,0,0,2730478,0,155706,,,,,,37,000,2,Ontario,201812,2007,2015,,41,,Occurrence,33,1-Bodily Injury,2,,,,,,,,,,,,,,,,,,,,,,,,,,,,,,,,,,
0,0,0,1.08,0,94,0,,,,,,9,000,2,Ontario,201812,2010,2009,,41,,Occurrence,22,2-Property Damage,1,,,,,,,,,,,,,,,,,,,,,,,,,,,,,,,,,,
0,0,0,1,158901,0,17936,,,,,,1,000,2,Ontario,201812,2010,2012,,41,,Occurrence,34,1-Bodily Injury,2,,,,,,,,,,,,,,,,,,,,,,,,,,,,,,,,,,
0,0,0,75.599,11914,0,449473,,,,,,13,000,2,Ontario,201812,2006,2017,,42,,Occurrence,13,4-Financial Loss,2,,,,,,,,,,,,,,,,,,,,,,,,,,,,,,,,,,
0,0,0,2,500000,0,0,,,,,,7,000,2,Ontario,201812,2008,2014,,40,,Extended Reporting Period (ERP),31,2-Property Damage,1,,,,,,,,,,,,,,,,,,,,,,,,,,,,,,,,,,
0,0,0,24,0,0,4175781,,,,,,17,000,2,Ontario,201812,2004,2010,,43,,Occurrence,12,1-Bodily Injury,1,,,,,,,,,,,,,,,,,,,,,,,,,,,,,,,,,,
0,0,0,2,0,43491,49706,,,,,,3,000,2,Ontario,201812,2012,2006,,61,,Occurrence,12,2-Property Damage,1,,,,,,,,,,,,,,,,,,,,,,,,,,,,,,,,,,
0,0,0,0,0,0,202293,,,,,,1,000,2,Ontario,201812,2018,2016,,10,,Claims-made,12,1-Bodily Injury,1,,,,,,,,,,,,,,,,,,,,,,,,,,,,,,,,,,
0,0,0,3.549,0,0,123125,,,,,,1,000,2,Ontario,201812,2010,2010,,61,,Occurrence,31,1-Bodily Injury,1,,,,,,,,,,,,,,,,,,,,,,,,,,,,,,,,,,
0,0,0,1,53187,0,513104,,,,,,1,000,2,Ontario,201812,2011,2011,,50,,Occurrence,12,3-Personal Injury,1,,,,,,,,,,,,,,,,,,,,,,,,,,,,,,,,,,
0,0,0,0,312679,102789,132168,,,,,,1,000,2,Ontario,201812,2013,2018,,41,,Occurrence,69,3-Personal Injury,2,,,,,,,,,,,,,,,,,,,,,,,,,,,,,,,,,,
0,0,0,35.35,286937,20157,2709,,,,,,3,000,2,Ontario,201812,2015,2018,,10,,Occurrence,21,4-Financial Loss,1,,,,,,,,,,,,,,,,,,,,,,,,,,,,,,,,,,
0,0,0,13.15,439354,10000,620626,,,,,,7,000,2,Ontario,201812,2012,2018,,40,,Occurrence,34,1-Bodily Injury,1,,,,,,,,,,,,,,,,,,,,,,,,,,,,,,,,,,
0,0,0,0,15,0,170000,,,,,,3,000,2,Ontario,201812,2011,2013,,10,,Occurrence,11,3-Personal Injury,2,,,,,,,,,,,,,,,,,,,,,,,,,,,,,,,,,,
0,0,0,0,1436997,0,0,,,,,,37,000,2,Ontario,201812,2013,2016,,10,,Occurrence,12,9-Other,1,,,,,,,,,,,,,,,,,,,,,,,,,,,,,,,,,,
0,0,0,0,18605,1359,-4120,,,,,,1,000,2,Ontario,201812,2013,2017,,10,,Claims-made,31,4-Financial Loss,1,,,,,,,,,,,,,,,,,,,,,,,,,,,,,,,,,,
0,0,0,0,4802376,21934,17825944,,,,,,37,000,2,Ontario,201812,2004,2017,,61,,Claims-made,12,1-Bodily Injury,2,,,,,,,,,,,,,,,,,,,,,,,,,,,,,,,,,,
0,0,0,23.05,254725,0,485272,,,,,,31,000,2,Ontario,201812,2015,2017,,70,,Occurrence,42,4-Financial Loss,2,,,,,,,,,,,,,,,,,,,,,,,,,,,,,,,,,,
0,0,0,73,46550,-20460,2969,,,,,,1,000,2,Ontario,201812,2007,2017,,20,,Occurrence,21,1-Bodily Injury,2,,,,,,,,,,,,,,,,,,,,,,,,,,,,,,,,,,
0,0,0,0.4,0,0,31691,,,,,,1,000,2,Ontario,201812,2004,2014,,41,,Occurrence,31,1-Bodily Injury,2,,,,,,,,,,,,,,,,,,,,,,,,,,,,,,,,,,
0,0,0,1,50,7395,140720,,,,,,9,000,2,Ontario,201812,2011,2012,,10,,Occurrence,34,2-Property Damage,2,,,,,,,,,,,,,,,,,,,,,,,,,,,,,,,,,,
0,0,0,0,0,0,364272,,,,,,27,000,2,Ontario,201812,2005,2015,,40,,Occurrence,12,1-Bodily Injury,2,,,,,,,,,,,,,,,,,,,,,,,,,,,,,,,,,,
0,0,0,0,0,3771458,29937,,,,,,25,000,2,Ontario,201812,2005,2013,,20,,Claims-made,34,1-Bodily Injury,1,,,,,,,,,,,,,,,,,,,,,,,,,,,,,,,,,,
0,0,0,5,2281505,434824,100442,,,,,,11,000,2,Ontario,201812,2009,2017,,70,,Occurrence,32,2-Property Damage,1,,,,,,,,,,,,,,,,,,,,,,,,,,,,,,,,,,
0,0,0,-30,33032,2538,291315,,,,,,1,000,2,Ontario,201812,2010,2017,,10,,Claims-made,11,1-Bodily Injury,2,,,,,,,,,,,,,,,,,,,,,,,,,,,,,,,,,,
0,0,0,11,0,69950,-6142,,,,,,3,000,2,Ontario,201812,2007,2012,,61,,Occurrence,34,4-Financial Loss,1,,,,,,,,,,,,,,,,,,,,,,,,,,,,,,,,,,
0,0,0,0,71195,2033,0,,,,,,37,000,2,Ontario,201812,2008,2010,,10,,Extended Reporting Period (ERP),33,9-Other,2,,,,,,,,,,,,,,,,,,,,,,,,,,,,,,,,,,
0,0,0,19,17421861,0,193008,,,,,,31,000,2,Ontario,201812,2005,2005,,61,,Occurrence,32,1-Bodily Injury,2,,,,,,,,,,,,,,,,,,,,,,,,,,,,,,,,,,
0,0,0,6,665,0,343932,,,,,,27,000,2,Ontario,201812,2007,2011,,70,,Occurrence,69,4-Financial Loss,1,,,,,,,,,,,,,,,,,,,,,,,,,,,,,,,,,,
0,0,0,5,3994057,0,0,,,,,,9,000,2,Ontario,201812,2007,2016,,50,,Extended Reporting Period (ERP),12,1-Bodily Injury,2,,,,,,,,,,,,,,,,,,,,,,,,,,,,,,,,,,
0,0,0,1,483350,339495,73961,,,,,,27,000,2,Ontario,201812,2006,2013,,61,,Occurrence,51,2-Property Damage,1,,,,,,,,,,,,,,,,,,,,,,,,,,,,,,,,,,
0,0,0,1,0,73822,380097,,,,,,17,000,2,Ontario,201812,2012,2011,,10,,Claims-made,34,1-Bodily Injury,2,,,,,,,,,,,,,,,,,,,,,,,,,,,,,,,,,,
0,0,0,1,17318889,0,558719,,,,,,1,000,2,Ontario,201812,2010,2016,,20,,Occurrence,61,2-Property Damage,2,,,,,,,,,,,,,,,,,,,,,,,,,,,,,,,,,,
0,0,0,2,1,1356596,4683,,,,,,27,000,2,Ontario,201812,2010,2004,,10,,Occurrence,11,1-Bodily Injury,2,,,,,,,,,,,,,,,,,,,,,,,,,,,,,,,,,,
0,0,0,-1,10371001,45275,0,,,,,,1,000,2,Ontario,201812,2016,2011,,20,,Claims-made,11,1-Bodily Injury,1,,,,,,,,,,,,,,,,,,,,,,,,,,,,,,,,,,
0,0,0,1.3,540127,23529,2275,,,,,,37,000,2,Ontario,201812,2016,2015,,10,,Occurrence,33,3-Personal Injury,2,,,,,,,,,,,,,,,,,,,,,,,,,,,,,,,,,,
0,0,0,2,0,109383,528,,,,,,17,000,2,Ontario,201812,2005,2018,,62,,Extended Reporting Period (ERP),34,1-Bodily Injury,2,,,,,,,,,,,,,,,,,,,,,,,,,,,,,,,,,,
0,0,0,1,169749,0,200,,,,,,9,000,2,Ontario,201812,2018,2010,,70,,Occurrence,21,2-Property Damage,2,,,,,,,,,,,,,,,,,,,,,,,,,,,,,,,,,,
0,0,0,0,38,80,0,,,,,,37,000,2,Ontario,201812,2007,2012,,40,,Occurrence,13,4-Financial Loss,1,,,,,,,,,,,,,,,,,,,,,,,,,,,,,,,,,,
0,0,0,0,39120,37623,785139,,,,,,1,000,2,Ontario,201812,2007,2010,,10,,Occurrence,42,3-Personal Injury,2,,,,,,,,,,,,,,,,,,,,,,,,,,,,,,,,,,
0,0,0,0,2338622,20640,1024478,,,,,,3,000,2,Ontario,201812,2011,2016,,40,,Claims-made,11,2-Property Damage,2,,,,,,,,,,,,,,,,,,,,,,,,,,,,,,,,,,
0,0,0,0,296289,0,18785576,,,,,,3,000,2,Ontario,201812,2005,2005,,10,,Claims-made,42,1-Bodily Injury,1,,,,,,,,,,,,,,,,,,,,,,,,,,,,,,,,,,
0,0,0,4,0,4680,0,,,,,,17,000,2,Ontario,201812,2010,2013,,20,,Occurrence,34,3-Personal Injury,2,,,,,,,,,,,,,,,,,,,,,,,,,,,,,,,,,,
0,0,0,3.319,75100,31926,3812,,,,,,9,000,2,Ontario,201812,2016,2005,,10,,Occurrence,11,1-Bodily Injury,2,,,,,,,,,,,,,,,,,,,,,,,,,,,,,,,,,,
0,0,0,0,68799,4641982,19721,,,,,,17,000,2,Ontario,201812,2007,2014,,40,,Claims-made,34,2-Property Damage,2,,,,,,,,,,,,,,,,,,,,,,,,,,,,,,,,,,
0,0,0,0,395179,0,110364,,,,,,9,000,2,Ontario,201812,2007,2017,,61,,Occurrence,11,1-Bodily Injury,1,,,,,,,,,,,,,,,,,,,,,,,,,,,,,,,,,,
0,0,0,4.4,0,3198968,470691,,,,,,1,000,2,Ontario,201812,2012,2016,,41,,Occurrence,31,2-Property Damage,2,,,,,,,,,,,,,,,,,,,,,,,,,,,,,,,,,,
0,0,0,5.5,350754,47679,98826,,,,,,1,000,2,Ontario,201812,2005,2007,,61,,Claims-made,21,2-Property Damage,1,,,,,,,,,,,,,,,,,,,,,,,,,,,,,,,,,,
0,0,0,0,943938,35344,3004,,,,,,17,000,2,Ontario,201812,2008,2016,,40,,Extended Reporting Period (ERP),34,1-Bodily Injury,1,,,,,,,,,,,,,,,,,,,,,,,,,,,,,,,,,,
0,0,0,0,1592843,48278,0,,,,,,3,000,2,Ontario,201812,2004,2014,,10,,Extended Reporting Period (ERP),70,2-Property Damage,1,,,,,,,,,,,,,,,,,,,,,,,,,,,,,,,,,,
0,0,0,0,0,20786231,52257,,,,,,7,000,2,Ontario,201812,2005,2016,,40,,Occurrence,32,9-Other,1,,,,,,,,,,,,,,,,,,,,,,,,,,,,,,,,,,
0,0,0,0,2275,18140,347091,,,,,,31,000,2,Ontario,201812,2008,2005,,70,,Occurrence,33,4-Financial Loss,2,,,,,,,,,,,,,,,,,,,,,,,,,,,,,,,,,,
0,0,0,3,100,-1144,547,,,,,,37,000,2,Ontario,201812,2011,2013,,10,,Claims-made,62,2-Property Damage,1,,,,,,,,,,,,,,,,,,,,,,,,,,,,,,,,,,
0,0,0,4,0,0,2910302,,,,,,1,000,2,Ontario,201812,2005,2009,,50,,Occurrence,34,1-Bodily Injury,2,,,,,,,,,,,,,,,,,,,,,,,,,,,,,,,,,,
0,0,0,34.35,-2243,46696,23571339,,,,,,7,000,2,Ontario,201812,2012,2010,,61,,Claims-made,22,1-Bodily Injury,1,,,,,,,,,,,,,,,,,,,,,,,,,,,,,,,,,,
0,0,0,0,503715,152583,314837,,,,,,37,000,2,Ontario,201812,2017,2007,,70,,Claims-made,31,4-Financial Loss,2,,,,,,,,,,,,,,,,,,,,,,,,,,,,,,,,,,
0,0,0,8,14988876,532,6721,,,,,,37,000,2,Ontario,201812,2013,2010,,20,,Occurrence,62,4-Financial Loss,2,,,,,,,,,,,,,,,,,,,,,,,,,,,,,,,,,,
0,0,0,2,11643841,0,27800,,,,,,17,000,2,Ontario,201812,2006,2018,,20,,Extended Reporting Period (ERP),23,4-Financial Loss,1,,,,,,,,,,,,,,,,,,,,,,,,,,,,,,,,,,
0,0,0,0,67862,1557,6250,,,,,,27,000,2,Ontario,201812,2015,2011,,40,,Extended Reporting Period (ERP),70,2-Property Damage,1,,,,,,,,,,,,,,,,,,,,,,,,,,,,,,,,,,
0,0,0,2,16504,0,9107228,,,,,,37,000,2,Ontario,201812,2015,2012,,10,,Occurrence,69,4-Financial Loss,2,,,,,,,,,,,,,,,,,,,,,,,,,,,,,,,,,,
0,0,0,0,2222582,32792,2805020,,,,,,15,000,2,Ontario,201812,2015,2007,,10,,Claims-made,22,2-Property Damage,2,,,,,,,,,,,,,,,,,,,,,,,,,,,,,,,,,,
0,0,0,6,40397,0,3869,,,,,,1,000,2,Ontario,201812,2012,2018,,41,,Occurrence,11,4-Financial Loss,1,,,,,,,,,,,,,,,,,,,,,,,,,,,,,,,,,,
0,0,0,0,0,81639,17488,,,,,,37,000,2,Ontario,201812,2009,2013,,70,,Occurrence,34,2-Property Damage,1,,,,,,,,,,,,,,,,,,,,,,,,,,,,,,,,,,
0,0,0,-1,0,47223,27758,,,,,,1,000,2,Ontario,201812,2011,2012,,10,,Occurrence,12,4-Financial Loss,2,,,,,,,,,,,,,,,,,,,,,,,,,,,,,,,,,,
0,0,0,0,14446352,11000,813164,,,,,,27,000,2,Ontario,201812,2009,2009,,10,,Occurrence,12,3-Personal Injury,1,,,,,,,,,,,,,,,,,,,,,,,,,,,,,,,,,,
0,0,0,19,0,22581,1975,,,,,,7,000,2,Ontario,201812,2010,2013,,61,,Occurrence,34,1-Bodily Injury,1,,,,,,,,,,,,,,,,,,,,,,,,,,,,,,,,,,
0,0,0,5.5,112862,96,526044,,,,,,1,000,2,Ontario,201812,2005,2013,,10,,Occurrence,32,9-Other,2,,,,,,,,,,,,,,,,,,,,,,,,,,,,,,,,,,
0,0,0,0,0,12620,0,,,,,,27,000,2,Ontario,201812,2007,2013,,41,,Claims-made,31,1-Bodily Injury,1,,,,,,,,,,,,,,,,,,,,,,,,,,,,,,,,,,
0,0,0,0,534157,0,8533,,,,,,9,000,2,Ontario,201812,2017,2017,,10,,Occurrence,51,3-Personal Injury,1,,,,,,,,,,,,,,,,,,,,,,,,,,,,,,,,,,
0,0,0,4,319917,17736,-4518,,,,,,37,000,2,Ontario,201812,2004,2005,,61,,Claims-made,34,1-Bodily Injury,1,,,,,,,,,,,,,,,,,,,,,,,,,,,,,,,,,,
0,0,0,0,0,0,21076,,,,,,7,000,2,Ontario,201812,2007,2012,,62,,Occurrence,34,1-Bodily Injury,2,,,,,,,,,,,,,,,,,,,,,,,,,,,,,,,,,,
0,0,0,0,408873,0,49814,,,,,,33,000,2,Ontario,201812,2006,2014,,10,,Occurrence,62,3-Personal Injury,2,,,,,,,,,,,,,,,,,,,,,,,,,,,,,,,,,,
0,0,0,18.05,0,93186,0,,,,,,9,000,2,Ontario,201812,2004,2009,,20,,Claims-made,23,1-Bodily Injury,1,,,,,,,,,,,,,,,,,,,,,,,,,,,,,,,,,,
0,0,0,0.1,0,243151,446867,,,,,,37,000,2,Ontario,201812,2013,2017,,50,,Occurrence,32,4-Financial Loss,2,,,,,,,,,,,,,,,,,,,,,,,,,,,,,,,,,,
0,0,0,3009,4923,259597,425690,,,,,,27,000,2,Ontario,201812,2008,2013,,20,,Occurrence,11,2-Property Damage,2,,,,,,,,,,,,,,,,,,,,,,,,,,,,,,,,,,
0,0,0,17.3,21001,143201,108978,,,,,,1,000,2,Ontario,201812,2008,2014,,10,,Occurrence,32,9-Other,1,,,,,,,,,,,,,,,,,,,,,,,,,,,,,,,,,,
0,0,0,-1,411846,626851,836421,,,,,,1,000,2,Ontario,201812,2012,2011,,61,,Occurrence,31,4-Financial Loss,2,,,,,,,,,,,,,,,,,,,,,,,,,,,,,,,,,,
0,0,0,0.35,481388,43868,36928,,,,,,7,000,2,Ontario,201812,2009,2004,,41,,Claims-made,32,1-Bodily Injury,1,,,,,,,,,,,,,,,,,,,,,,,,,,,,,,,,,,
0,0,0,0,21792360,107505,267200,,,,,,7,000,2,Ontario,201812,2009,2011,,41,,Occurrence,51,2-Property Damage,2,,,,,,,,,,,,,,,,,,,,,,,,,,,,,,,,,,
0,0,0,7,514863,7151,18775,,,,,,11,000,2,Ontario,201812,2011,2008,,40,,Occurrence,13,2-Property Damage,1,,,,,,,,,,,,,,,,,,,,,,,,,,,,,,,,,,
0,0,0,7.4,1478611,0,15040,,,,,,25,000,2,Ontario,201812,2012,2017,,41,,Occurrence,61,1-Bodily Injury,1,,,,,,,,,,,,,,,,,,,,,,,,,,,,,,,,,,
0,0,0,28,20581646,460203,0,,,,,,17,000,2,Ontario,201812,2011,2016,,10,,Claims-made,11,2-Property Damage,2,,,,,,,,,,,,,,,,,,,,,,,,,,,,,,,,,,
0,0,0,3,0,1179496,6700,,,,,,1,000,2,Ontario,201812,2008,2009,,50,,Occurrence,62,2-Property Damage,1,,,,,,,,,,,,,,,,,,,,,,,,,,,,,,,,,,
0,0,0,1,0,52107,419509,,,,,,1,000,2,Ontario,201812,2008,2015,,62,,Occurrence,33,3-Personal Injury,2,,,,,,,,,,,,,,,,,,,,,,,,,,,,,,,,,,
0,0,0,1,0,0,0,,,,,,27,000,2,Ontario,201812,2007,2016,,41,,Occurrence,31,2-Property Damage,1,,,,,,,,,,,,,,,,,,,,,,,,,,,,,,,,,,
0,0,0,0,2060123,41735,249810,,,,,,33,000,2,Ontario,201812,2011,2016,,20,,Claims-made,11,2-Property Damage,2,,,,,,,,,,,,,,,,,,,,,,,,,,,,,,,,,,
0,0,0,1,1438252,0,5,,,,,,1,000,2,Ontario,201812,2010,2013,,10,,Occurrence,32,1-Bodily Injury,2,,,,,,,,,,,,,,,,,,,,,,,,,,,,,,,,,,
0,0,0,0,0,0,85508,,,,,,1,000,2,Ontario,201812,2004,2017,,70,,Claims-made,11,2-Property Damage,1,,,,,,,,,,,,,,,,,,,,,,,,,,,,,,,,,,
0,0,0,9.75,0,8349,68319,,,,,,1,000,2,Ontario,201812,2011,2008,,61,,Claims-made,12,4-Financial Loss,1,,,,,,,,,,,,,,,,,,,,,,,,,,,,,,,,,,
0,0,0,2,9579,0,500,,,,,,7,000,2,Ontario,201812,2010,2009,,50,,Claims-made,51,1-Bodily Injury,1,,,,,,,,,,,,,,,,,,,,,,,,,,,,,,,,,,
0,0,0,79,0,91893,-1103,,,,,,1,000,2,Ontario,201812,2013,2018,,61,,Occurrence,23,4-Financial Loss,1,,,,,,,,,,,,,,,,,,,,,,,,,,,,,,,,,,
0,0,0,5,50716389,14699,0,,,,,,41,000,2,Ontario,201812,2007,2009,,70,,Occurrence,32,1-Bodily Injury,2,,,,,,,,,,,,,,,,,,,,,,,,,,,,,,,,,,
0,0,0,0,100,237657,6711,,,,,,7,000,2,Ontario,201812,2006,2006,,10,,Occurrence,11,4-Financial Loss,1,,,,,,,,,,,,,,,,,,,,,,,,,,,,,,,,,,
0,0,0,0,100,510,3000,,,,,,7,000,2,Ontario,201812,2012,2016,,50,,Occurrence,12,2-Property Damage,1,,,,,,,,,,,,,,,,,,,,,,,,,,,,,,,,,,
0,0,0,10,43954,0,1012037,,,,,,1,000,2,Ontario,201812,2010,2005,,10,,Claims-made,31,1-Bodily Injury,1,,,,,,,,,,,,,,,,,,,,,,,,,,,,,,,,,,
0,0,0,0,24655,15067,0,,,,,,9,000,2,Ontario,201812,2008,2014,,61,,Claims-made,61,2-Property Damage,2,,,,,,,,,,,,,,,,,,,,,,,,,,,,,,,,,,
0,0,0,31,681,42257,431779,,,,,,3,000,2,Ontario,201812,2006,2017,,10,,Occurrence,12,3-Personal Injury,1,,,,,,,,,,,,,,,,,,,,,,,,,,,,,,,,,,
0,0,0,8,107315,35165,0,,,,,,3,000,2,Ontario,201812,2005,2014,,41,,Occurrence,12,2-Property Damage,1,,,,,,,,,,,,,,,,,,,,,,,,,,,,,,,,,,
0,0,0,7,1038375,5106,12500,,,,,,39,000,2,Ontario,201812,2012,2018,,50,,Occurrence,32,1-Bodily Injury,1,,,,,,,,,,,,,,,,,,,,,,,,,,,,,,,,,,
0,0,0,8,3129,0,4911581,,,,,,1,000,2,Ontario,201812,2012,2010,,43,,Claims-made,23,1-Bodily Injury,2,,,,,,,,,,,,,,,,,,,,,,,,,,,,,,,,,,
0,0,0,0,5832631,25,165854,,,,,,25,000,2,Ontario,201812,2004,2015,,62,,Claims-made,34,1-Bodily Injury,2,,,,,,,,,,,,,,,,,,,,,,,,,,,,,,,,,,
0,0,0,2.7,2,32801,0,,,,,,3,000,2,Ontario,201812,2004,2007,,10,,Extended Reporting Period (ERP),34,2-Property Damage,2,,,,,,,,,,,,,,,,,,,,,,,,,,,,,,,,,,
0,0,0,0,15428060,166763,36699,,,,,,1,000,2,Ontario,201812,2004,2015,,10,,Occurrence,13,1-Bodily Injury,2,,,,,,,,,,,,,,,,,,,,,,,,,,,,,,,,,,
0,0,0,3,0,6431,5463,,,,,,37,000,2,Ontario,201812,2008,2011,,40,,Occurrence,22,9-Other,1,,,,,,,,,,,,,,,,,,,,,,,,,,,,,,,,,,
0,0,0,0,-260823,787,0,,,,,,25,000,2,Ontario,201812,2006,2013,,61,,Occurrence,33,2-Property Damage,1,,,,,,,,,,,,,,,,,,,,,,,,,,,,,,,,,,
0,0,0,0,28285801,317870,24272254,,,,,,37,000,2,Ontario,201812,2006,2009,,70,,Claims-made,12,4-Financial Loss,2,,,,,,,,,,,,,,,,,,,,,,,,,,,,,,,,,,
0,0,0,4,3406924,40674,51590,,,,,,27,000,2,Ontario,201812,2010,2017,,61,,Occurrence,23,2-Property Damage,2,,,,,,,,,,,,,,,,,,,,,,,,,,,,,,,,,,
0,0,0,0,3996018,60612,23186,,,,,,37,000,2,Ontario,201812,2013,2017,,70,,Claims-made,23,2-Property Damage,2,,,,,,,,,,,,,,,,,,,,,,,,,,,,,,,,,,
0,0,0,2,656,3556285,97973,,,,,,1,000,2,Ontario,201812,2005,2013,,50,,Occurrence,34,1-Bodily Injury,1,,,,,,,,,,,,,,,,,,,,,,,,,,,,,,,,,,
0,0,0,6,7505,261941,3912513,,,,,,9,000,2,Ontario,201812,2008,2017,,40,,Occurrence,21,2-Property Damage,1,,,,,,,,,,,,,,,,,,,,,,,,,,,,,,,,,,
0,0,0,0,4160650,0,43891,,,,,,1,000,2,Ontario,201812,2008,2012,,50,,Occurrence,61,4-Financial Loss,1,,,,,,,,,,,,,,,,,,,,,,,,,,,,,,,,,,
0,0,0,0,0,0,117183,,,,,,9,000,2,Ontario,201812,2013,2017,,20,,Claims-made,34,1-Bodily Injury,1,,,,,,,,,,,,,,,,,,,,,,,,,,,,,,,,,,
0,0,0,0,84462,10176,42063,,,,,,1,000,2,Ontario,201812,2011,2013,,10,,Occurrence,11,1-Bodily Injury,1,,,,,,,,,,,,,,,,,,,,,,,,,,,,,,,,,,
0,0,0,0,-1,75606,131569,,,,,,1,000,2,Ontario,201812,2013,2010,,40,,Occurrence,31,2-Property Damage,1,,,,,,,,,,,,,,,,,,,,,,,,,,,,,,,,,,
0,0,0,0,118324,57887,106029,,,,,,25,000,2,Ontario,201812,2013,2014,,20,,Claims-made,21,2-Property Damage,1,,,,,,,,,,,,,,,,,,,,,,,,,,,,,,,,,,
0,0,0,3.45,206830,0,56465775,,,,,,25,000,2,Ontario,201812,2007,2017,,71,,Claims-made,33,3-Personal Injury,2,,,,,,,,,,,,,,,,,,,,,,,,,,,,,,,,,,
0,0,0,0,3508251,14000,36611,,,,,,27,000,2,Ontario,201812,2007,2007,,10,,Occurrence,32,3-Personal Injury,2,,,,,,,,,,,,,,,,,,,,,,,,,,,,,,,,,,
0,0,0,30.75,1037036,0,13688,,,,,,25,000,2,Ontario,201812,2005,2016,,10,,Extended Reporting Period (ERP),22,2-Property Damage,2,,,,,,,,,,,,,,,,,,,,,,,,,,,,,,,,,,
0,0,0,0,400000,0,181278,,,,,,3,000,2,Ontario,201812,2009,2009,,61,,Occurrence,34,1-Bodily Injury,1,,,,,,,,,,,,,,,,,,,,,,,,,,,,,,,,,,
0,0,0,0,474309,4800,1924053,,,,,,1,000,2,Ontario,201812,2011,2015,,40,,Claims-made,33,2-Property Damage,2,,,,,,,,,,,,,,,,,,,,,,,,,,,,,,,,,,
0,0,0,0,25000,1005,12518,,,,,,37,000,2,Ontario,201812,2010,2006,,40,,Claims-made,11,2-Property Damage,1,,,,,,,,,,,,,,,,,,,,,,,,,,,,,,,,,,
0,0,0,0,0,2926,3399,,,,,,31,000,2,Ontario,201812,2005,2017,,70,,Occurrence,13,2-Property Damage,1,,,,,,,,,,,,,,,,,,,,,,,,,,,,,,,,,,
0,0,0,351.399,276945,17470,25624,,,,,,1,000,2,Ontario,201812,2009,2010,,20,,Claims-made,34,1-Bodily Injury,1,,,,,,,,,,,,,,,,,,,,,,,,,,,,,,,,,,
0,0,0,0,2070012,0,0,,,,,,7,000,2,Ontario,201812,2005,2014,,62,,Occurrence,32,2-Property Damage,2,,,,,,,,,,,,,,,,,,,,,,,,,,,,,,,,,,
0,0,0,4,113446,0,1057033,,,,,,3,000,2,Ontario,201812,2018,2013,,10,,Extended Reporting Period (ERP),11,1-Bodily Injury,2,,,,,,,,,,,,,,,,,,,,,,,,,,,,,,,,,,
0,0,0,11,13458,50875,76092,,,,,,1,000,2,Ontario,201812,2015,2013,,40,,Claims-made,51,1-Bodily Injury,2,,,,,,,,,,,,,,,,,,,,,,,,,,,,,,,,,,
0,0,0,0,-153,5684567,1136345,,,,,,3,000,2,Ontario,201812,2017,2016,,10,,Occurrence,34,9-Other,2,,,,,,,,,,,,,,,,,,,,,,,,,,,,,,,,,,
0,0,0,13,636609,8367,12,,,,,,1,000,2,Ontario,201812,2005,2015,,61,,Occurrence,11,3-Personal Injury,2,,,,,,,,,,,,,,,,,,,,,,,,,,,,,,,,,,
0,0,0,14,36095819,0,5120162,,,,,,1,000,2,Ontario,201812,2013,2016,,10,,Occurrence,12,1-Bodily Injury,2,,,,,,,,,,,,,,,,,,,,,,,,,,,,,,,,,,
0,0,0,1,-3431,0,43008,,,,,,7,000,2,Ontario,201812,2004,2012,,40,,Occurrence,32,3-Personal Injury,2,,,,,,,,,,,,,,,,,,,,,,,,,,,,,,,,,,
0,0,0,0,0,27064,62369,,,,,,3,000,2,Ontario,201812,2011,2016,,40,,Occurrence,13,2-Property Damage,2,,,,,,,,,,,,,,,,,,,,,,,,,,,,,,,,,,
0,0,0,0,8059,81116,1,,,,,,1,000,2,Ontario,201812,2011,2014,,80,,Occurrence,34,1-Bodily Injury,2,,,,,,,,,,,,,,,,,,,,,,,,,,,,,,,,,,
0,0,0,1,5318667,5294854,8736075,,,,,,27,000,2,Ontario,201812,2010,2017,,10,,Claims-made,61,1-Bodily Injury,2,,,,,,,,,,,,,,,,,,,,,,,,,,,,,,,,,,
0,0,0,0,100,66375,32432524,,,,,,9,000,2,Ontario,201812,2007,2008,,40,,Occurrence,21,2-Property Damage,2,,,,,,,,,,,,,,,,,,,,,,,,,,,,,,,,,,
0,0,0,2.549,28181212,28854,-7733,,,,,,3,000,2,Ontario,201812,2015,2011,,61,,Occurrence,32,1-Bodily Injury,2,,,,,,,,,,,,,,,,,,,,,,,,,,,,,,,,,,
0,0,0,1,0,0,-9241,,,,,,1,000,2,Ontario,201812,2010,2011,,62,,Occurrence,62,2-Property Damage,2,,,,,,,,,,,,,,,,,,,,,,,,,,,,,,,,,,
