0,0,402,360.2814,0,0,1,0,6500,0,0,0,4,201812,000,0,OPU,Commercial-IR,,,,,N,0,,,,,,,,,,,,,,,,,,,,4 - Atlantics,,NS,500,,CM,CM,Comprehensive ($500 Deductible) / Accidents sans Collision ni versement (Franchise de 500$),,,,,,,201102,,,,,,,,,,,,,,,,,
0,0.1168,0,266.5424,1,0,0,0,0,2906,33701,0,4,201812,000,0,OPU,Interurban trucks-IR,,,,,N,0,,,,,,,,,,,,,,,,,,,,4 - Atlantics,,NS,500,,CM,CM,Comprehensive ($1000 Deductible) / Accidents sans Collision ni versement (Franchise de 1000$),,,,,,,201602,,,,,,,,,,,,,,,,,
0,2.1852,0,0,1,0,8,0,0,0,0,0,4,201812,000,0,GAR,School and private buses,,,,,N,0,,,,,,,,,,,,,,,,,,,,4 - Atlantics,,NS,503,,CM,SP,Comprehensive (Other deductibles) / Accidents sans Collision ni versement (Autre franchise),,,,,,,200801,,,,,,,,,,,,,,,,,
0,72.5397,32670,77.515,0,0,0,0,0,306,16955,0,4,201812,000,0,OPU,Trailer Homes-IR,,,,,N,0,,,,,,,,,,,,,,,,,,,,4 - Atlantics,,NS,503,,CM,CM,Comprehensive ($1000 Deductible) / Accidents sans Collision ni versement (Franchise de 1000$),,,27,,,,200802,,,,,,,,,,,,,,,,,
0,-0.2766,0,16361.5935,0,1,1,0,0,0,49950,0,4,201812,000,0,COM,PPV-IR excluding Farmers,,,,,Y,0,,,,,,,,,,,,,,,,,,,,4 - Atlantics,,NS,502,,CM,AP,Comprehensive ($250 Deductible) / Accidents sans Collision ni versement (Franchise de 250$),,,25,,,,201102,,,,,,,,,,,,,,,,,
0,0,304,136.7105,0,2,0,0,0,0,0,0,4,201812,000,0,PUB,Interurban trucks-IR,,,,,N,0,,,,,,,,,,,,,,,,,,,,4 - Atlantics,,NS,502,,ENTRUST,CM,Comprehensive ($250 Deductible) / Accidents sans Collision ni versement (Franchise de 250$),,,,,,,200702,,,,,,,,,,,,,,,,,
4.75,346.997,0,0,1,0,1,0,0,0,0,0,4,201812,000,0,PUB,Commercial-IR,,,,,N,0,,,,,,,,,,,,,,,,,,,,4 - Atlantics,,NS,500,,CM,AP,All Perils ($500 Deductible) / Tous Risques (Franchise de 500$),,,,,,,201201,,,,,,,,,,,,,,,,,
0,0.4973,0,397.9082,0,0,0,0,0,175,0,0,4,201812,000,0,PUB,Snowvehicles -IR,,,,,N,0,,,,,,,,,,,,,,,,,,,,4 - Atlantics,,NS,500,,AP,CM,Comprehensive ($500 Deductible) / Accidents sans Collision ni versement (Franchise de 500$),,,,,,,200301,,,,,,,,,,,,,,,,,
120.5833,0,1568,-5.8682,14,0,0,0,0,0,0,0,4,201812,000,0,PUB,Antique and classic,,,,,N,0,,,,,,,,,,,,,,,,,,,,4 - Atlantics,,NS,500,,CM,CM,Specified Perils ($1000+ Deductible) / Risques Specifies (Franchise de 1000$+),,,27,,,,201801,,,,,,,,,,,,,,,,,
335.0833,0,0,2082.3845,0,0,0,0,0,25657,0,0,4,201812,000,0,PUB,Motorcycles - fleet rated,,,,,Y,0,,,,,,,,,,,,,,,,,,,,4 - Atlantics,,NS,501,,AP,CM,All Perils ($1000+ Deductible) / Tous Risques (Franchise de 1000$+),,,,0,,,200402,,,,,,,,,,,,,,,,,
0,0,0,1173.2502,0,0,0,0,0,344,0,0,4,201812,000,0,GAR,PPV-IR excluding Farmers,,,,,N,0,,,,,,,,,,,,,,,,,,,,4 - Atlantics,,NS,500,,CM,AP,Specified Perils ($250 Deductible) / Risques Specifies (Franchise de 250$),,,,,,,201701,,,,,,,,,,,,,,,,,
0,0,0,0,0,0,0,0,0,0,0,0,4,201812,000,0,OPU,Misc. Public Auto,,,,,N,0,,,,,,,,,,,,,,,,,,,,4 - Atlantics,,NS,500,,SP,AP,Comprehensive ($100 Deductible) / Accidents sans Collision ni versement (Franchise de 100$),,,,,,,200501,,,,,,,,,,,,,,,,,
0,0,0,89810.7394,0,0,0,0,4449,0,0,0,4,201812,000,0,PPV,Motorhomes-IR,,,,,Y,0,,,,,,,,,,,,,,,,,,,,4 - Atlantics,,NS,500,,AP,CM,Specified Perils ($1000+ Deductible) / Risques Specifies (Franchise de 1000$+),,,20,0,,,201702,,,,,,,,,,,,,,,,,
0,11.0796,0,16877.4479,0,4,0,0,0,0,0,0,4,201812,000,0,PPV,PPV-IR excluding Farmers,,,,,N,0,,,,,,,,,,,,,,,,,,,,4 - Atlantics,,NS,500,,AP,AP,Comprehensive ($250 Deductible) / Accidents sans Collision ni versement (Franchise de 250$),,,27,,,,201001,,,,,,,,,,,,,,,,,
0,0,64105,0,0,0,0,0,0,0,0,0,4,201812,000,0,OPU,Antique and classic,,,,,Y,0,,,,,,,,,,,,,,,,,,,,4 - Atlantics,,NS,501,,AP,CM,Specified Perils ($1000 Deductible) / Risques Specifies (Franchise de 1000$),,,,,,,201401,,,,,,,,,,,,,,,,,
1,0,0,0,0,0,0,0,0,79,0,0,4,201812,000,0,PPV,School and private buses,,,,,N,0,,,,,,,,,,,,,,,,,,,,4 - Atlantics,,NS,501,,AP,AP,Comprehensive ($100 Deductible) / Accidents sans Collision ni versement (Franchise de 100$),,,,,,,201102,,,,,,,,,,,,,,,,,
0,0,0,9923.4932,0,0,0,0,0,0,0,0,4,201812,000,0,COM,PPV-IR excluding Farmers,,,,,N,1,,,,,,,,,,,,,,,,,,,,4 - Atlantics,,NS,502,,AP,SP,Comprehensive ($100 Deductible) / Accidents sans Collision ni versement (Franchise de 100$),,,23,,,,201202,,,,,,,,,,,,,,,,,
208.3333,0,298,29.6795,0,0,0,0,0,0,0,0,4,201812,000,0,OPU,Trucks outside Canada,,,,,N,0,,,,,,,,,,,,,,,,,,,,4 - Atlantics,,NS,500,,CM,AP,Comprehensive ($100 Deductible) / Accidents sans Collision ni versement (Franchise de 100$),,,22,,,,201101,,,,,,,,,,,,,,,,,
17,0,0,2472.9126,1,0,0,0,0,260,9372,0,4,201812,000,0,PPV,Commercial-IR,,,,,Y,0,,,,,,,,,,,,,,,,,,,,4 - Atlantics,,NS,500,,CM,CM,Specified Perils ($250 Deductible) / Risques Specifies (Franchise de 250$),,,,,,,201502,,,,,,,,,,,,,,,,,
0,0,0,0,0,14,0,0,54732,0,0,0,4,201812,000,0,COM,PPV-IR excluding Farmers,,,,,Y,0,,,,,,,,,,,,,,,,,,,,4 - Atlantics,,NS,500,,AP,CM,All Perils ($250 Deductible) / Tous Risques (Franchise de 250$),,,,0,,,201801,,,,,,,,,,,,,,,,,
0,246.6754,521,103840.6249,0,0,0,0,0,0,0,0,4,201812,000,0,OPU,ATV -IR,,,,,Y,1,,,,,,,,,,,,,,,,,,,,4 - Atlantics,,NS,500,,CM,CM,Comprehensive ($250 Deductible) / Accidents sans Collision ni versement (Franchise de 250$),,,,0,,,200702,,,,,,,,,,,,,,,,,
0,85.6576,3820,0,0,0,21,0,141678,1509,0,0,4,201812,000,0,PPV,Repair Garages,,,,,N,0,,,,,,,,,,,,,,,,,,,,4 - Atlantics,,NS,501,,CM,AP,All Perils ($0 Deductible) / Tous Risques (Franchise de 0$),,,27,,,,201501,,,,,,,,,,,,,,,,,7013
1,0,28,0,0,0,0,0,8084,2090,0,0,4,201812,000,0,PPV,PPV-IR excluding Farmers,,,,,N,0,,,,,,,,,,,,,,,,,,,,4 - Atlantics,,NS,500,,SP,SP,Specified Perils ($100 Deductible) / Risques Specifies (Franchise de 100$),,,26,0,,,201602,,,,,,,,,,,,,,,,,
74.5,4.0329,0,0,2,0,0,0,4031,0,0,0,4,201812,000,0,OPU,Snowvehicles -IR,,,,,N,1,,,,,,,,,,,,,,,,,,,,4 - Atlantics,,NS,501,,AP,CM,Comprehensive ($300 Deductible) / Accidents sans Collision ni versement (Franchise de 300$),,,,,,,200802,,,,,,,,,,,,,,,,,
0,0.5213,0,-592.7547,0,0,0,0,0,0,0,0,4,201812,000,0,OPU,Snowvehicles -IR,,,,,N,0,,,,,,,,,,,,,,,,,,,,4 - Atlantics,,NS,500,,CM,SP,Comprehensive ($250 Deductible) / Accidents sans Collision ni versement (Franchise de 250$),,,,,,,200901,,,,,,,,,,,,,,,,,
104.25,0,0,0,0,0,0,0,0,0,0,0,4,201812,000,0,OPU,PPV-IR excluding Farmers,,,,,N,0,,,,,,,,,,,,,,,,,,,,4 - Atlantics,,NS,503,,AP,CM,All Perils ($1000+ Deductible) / Tous Risques (Franchise de 1000$+),,,,,,,200502,,,,,,,,,,,,,,,,,
0,0.5041,400,0,0,1,12,0,0,0,0,0,4,201812,000,0,GAR,Snowvehicles -IR,,,,,N,0,,,,,,,,,,,,,,,,,,,,4 - Atlantics,,NS,503,,AP,CM,Comprehensive ($100 Deductible) / Accidents sans Collision ni versement (Franchise de 100$),,,20,0,,,201802,,,,,,,,,,,,,,,,,
0,0,3034,4968.1228,0,2,0,0,85610,0,0,0,4,201812,000,0,COM,Antique and classic,,,,,N,0,,,,,,,,,,,,,,,,,,,,4 - Atlantics,,NS,500,,AP,AP,Comprehensive (Other deductibles) / Accidents sans Collision ni versement (Autre franchise),,,,,,,200901,,,,,,,,,,,,,,,,,
0,0,264,0,0,0,2,0,0,0,0,0,4,201812,000,0,OPU,Interurban trucks-IR,,,,,N,1,,,,,,,,,,,,,,,,,,,,4 - Atlantics,,NS,500,,AP,SP,All Perils ($0 Deductible) / Tous Risques (Franchise de 0$),,,,,,,201601,,,,,,,,,,,,,,,,,
0,0,0,0,0,0,0,0,0,2097,0,0,4,201812,000,0,PUB,Motorhomes-IR,,,,,N,1,,,,,,,,,,,,,,,,,,,,4 - Atlantics,,NS,501,,SP,SP,Comprehensive ($500 Deductible) / Accidents sans Collision ni versement (Franchise de 500$),,,27,,,,201101,,,,,,,,,,,,,,,,,
0,0,28246,3326.131,0,0,0,0,0,0,0,0,4,201812,000,0,COM,PPV-IR excluding Farmers,,,,,N,0,,,,,,,,,,,,,,,,,,,,4 - Atlantics,,NS,502,,AP,SP,Specified Perils ($1000+ Deductible) / Risques Specifies (Franchise de 1000$+),,,,,,,201802,,,,,,,,,,,,,,,,,
0.5833,0,954,13831.8,0,0,0,0,3345,0,1113,0,4,201812,000,0,PPV,Repair Garages,,,,,N,0,,,,,,,,,,,,,,,,,,,,4 - Atlantics,,NS,501,,ENTRUST,CM,All Perils ($100 Deductible) / Tous Risques (Franchise de 100$),,,,,,,200302,,,,,,,,,,,,,,,,,
0,0,0,0,0,0,2,0,0,0,1649,0,4,201812,000,0,PPV,PPV-IR excluding Farmers,,,,,N,0,,,,,,,,,,,,,,,,,,,,4 - Atlantics,,NS,503,,AP,CM,All Perils ($500 Deductible) / Tous Risques (Franchise de 500$),,,26,,,,201502,,,,,,,,,,,,,,,,,
-1,3.9188,131870,19.3934,0,0,0,0,0,0,0,0,4,201812,000,0,ITR,PPV-IR excluding Farmers,,,,,Y,0,,,,,,,,,,,,,,,,,,,,4 - Atlantics,,NS,502,,SP,SP,Specified Perils ($1000+ Deductible) / Risques Specifies (Franchise de 1000$+),,,,,,,201001,,,,,,,,,,,,,,,,,
0,5.5751,1621,70.4225,0,0,2,0,0,0,0,0,4,201812,000,0,COM,Commercial-IR,,,,,N,0,,,,,,,,,,,,,,,,,,,,4 - Atlantics,,NS,502,,SP,SP,Comprehensive ($1000 Deductible) / Accidents sans Collision ni versement (Franchise de 1000$),,,,,,,201501,,,,,,,,,,,,,,,,,
0,67.698,7382,22764.2046,0,3,0,0,6315,0,0,0,4,201812,000,0,PPV,PPV-IR excluding Farmers,,,,,Y,0,,,,,,,,,,,,,,,,,,,,4 - Atlantics,,NS,503,,CM,CM,All Perils ($1000 Deductible) / Tous Risques (Franchise de 1000$),,,,,,,200801,,,,,,,,,,,,,,,,,
0,52.3615,0,555.4192,0,1,0,0,0,0,1767,0,4,201812,000,0,COM,Misc. Public Auto,,,,,Y,0,,,,,,,,,,,,,,,,,,,,4 - Atlantics,,NS,502,,AP,CM,Comprehensive ($1000 Deductible) / Accidents sans Collision ni versement (Franchise de 1000$),,,,,,,201201,,,,,,,,,,,,,,,,,
0,0.058,0,0,0,0,0,0,0,0,0,0,4,201812,000,0,OPU,ATV -IR,,,,,N,0,,,,,,,,,,,,,,,,,,,,4 - Atlantics,,NS,503,,CM,AP,Comprehensive ($1000 Deductible) / Accidents sans Collision ni versement (Franchise de 1000$),,,,,,,201101,,,,,,,,,,,,,,,,,
0,0.3118,0,0,0,0,0,0,3207,0,0,0,4,201812,000,0,PPV,PPV-IR excluding Farmers,,,,,N,0,,,,,,,,,,,,,,,,,,,,4 - Atlantics,,NS,503,,AP,AP,Specified Perils ($500 Deductible) / Risques Specifies (Franchise de 500$),,,,,,,201801,,,,,,,,,,,,,,,,,6238
1.0833,0.5027,0,1486.1151,0,1,0,0,570795,0,7534,0,4,201812,000,0,OPU,ATV-Fleets,,,,,Y,0,,,,,,,,,,,,,,,,,,,,4 - Atlantics,,NS,500,,AP,SP,Specified Perils ($500 Deductible) / Risques Specifies (Franchise de 500$),,,,,,,201202,,,,,,,,,,,,,,,,,
0,0,761,389.8966,0,0,0,0,0,72,0,0,4,201812,000,0,PUB,Snowvehicles -IR,,,,,N,0,,,,,,,,,,,,,,,,,,,,4 - Atlantics,,NS,502,,CM,AP,All Perils ($250 Deductible) / Tous Risques (Franchise de 250$),,,,,,,201801,,,,,,,,,,,,,,,,,
0,0,0,0,0,1,1,0,0,0,0,0,4,201812,000,0,GAR,Trailer Homes-IR,,,,,N,0,,,,,,,,,,,,,,,,,,,,4 - Atlantics,,NS,500,,CM,AP,All Perils ($1000 Deductible) / Tous Risques (Franchise de 1000$),,,,,,,201601,,,,,,,,,,,,,,,,,
0,0,0,0,0,0,0,0,0,0,19207,0,4,201812,000,0,OPU,Manufacturers,,,,,N,1,,,,,,,,,,,,,,,,,,,,4 - Atlantics,,NS,501,,CM,SP,Comprehensive ($100 Deductible) / Accidents sans Collision ni versement (Franchise de 100$),,,,,,,200502,,,,,,,,,,,,,,,,,
2,0,0,0,3,0,0,0,0,0,0,0,4,201812,000,0,PPV,Trucks outside Canada,,,,,N,0,,,,,,,,,,,,,,,,,,,,4 - Atlantics,,NS,501,,AP,CM,Specified Perils ($100 Deductible) / Risques Specifies (Franchise de 100$),,,,,,,201201,,,,,,,,,,,,,,,,,
2.9167,0,511,-55.5337,0,0,0,0,0,0,0,0,4,201812,000,0,ITR,PPV-IR excluding Farmers,,,,,Y,1,,,,,,,,,,,,,,,,,,,,4 - Atlantics,,NS,500,,AP,SP,All Perils ($1000+ Deductible) / Tous Risques (Franchise de 1000$+),,,,,,,201701,,,,,,,,,,,,,,,,,
0,0,34071,3797.5123,0,0,0,0,0,0,0,0,4,201812,000,0,OPU,Commercial-IR,,,,,N,0,,,,,,,,,,,,,,,,,,,,4 - Atlantics,,NS,501,,SP,CM,Comprehensive ($250 Deductible) / Accidents sans Collision ni versement (Franchise de 250$),,,,,,,201802,,,,,,,,,,,,,,,,,
0,0,0,46.1821,0,0,0,0,0,0,0,0,4,201812,000,0,OPU,Snowvehicles -IR,,,,,Y,1,,,,,,,,,,,,,,,,,,,,4 - Atlantics,,NS,501,,SP,CM,Comprehensive ($500 Deductible) / Accidents sans Collision ni versement (Franchise de 500$),,,20,,,,200601,,,,,,,,,,,,,,10,,,
3.6667,0,758,5.0411,0,1,3,0,7516,0,0,0,4,201812,000,0,OPU,Commercial-IR,,,,,N,0,,,,,,,,,,,,,,,,,,,,4 - Atlantics,,NS,501,,CM,CM,All Perils ($500 Deductible) / Tous Risques (Franchise de 500$),,,,,,,201201,,,,,,,,,,,,,,,,,
0,0,0,0,4,2,1,0,0,0,0,0,4,201812,000,0,OPU,Motorhomes-IR,,,,,N,1,,,,,,,,,,,,,,,,,,,,4 - Atlantics,,NS,503,,SP,SP,All Perils ($1000+ Deductible) / Tous Risques (Franchise de 1000$+),,,,,,,201401,,,,,,,,,,,,,,,,,
1,0,0,299.1068,0,0,0,0,0,0,0,0,4,201812,000,0,OPU,Motorcycles -IR,,,,,Y,0,,,,,,,,,,,,,,,,,,,,4 - Atlantics,,NS,500,,CM,ENTRUST_CM,All Perils ($1000 Deductible) / Tous Risques (Franchise de 1000$),,,,,,,200701,,,,,,,,,,,,,,,,,
0,33.7736,15888,0,0,0,0,0,0,0,0,0,4,201812,000,0,ITR,Repair Garages,,,,,Y,0,,,,,,,,,,,,,,,,,,,,4 - Atlantics,,NS,502,,AP,ENTRUST_SP,Specified Perils ($500 Deductible) / Risques Specifies (Franchise de 500$),,,,,,,200301,,,,,,,,,,,,,,,,,
28.25,16.0094,0,1830.8245,0,0,0,0,705,129,103091,0,4,201812,000,0,COM,Commercial-IR,,,,,N,1,,,,,,,,,,,,,,,,,,,,4 - Atlantics,,NS,501,,CM,CM,Comprehensive ($250 Deductible) / Accidents sans Collision ni versement (Franchise de 250$),,,,,,,200902,,,,,,,,,,,,,,,,,
56.1667,0,375,0,1,0,3,0,0,0,0,0,4,201812,000,0,OPU,Trucks outside Canada,,,,,N,1,,,,,,,,,,,,,,,,,,,,4 - Atlantics,,NS,502,,AP,CM,Specified Perils ($0 Deductible) / Risques Specifies (Franchise de 0$),,,,,,,201501,,,,,,,,,,,,,,,,,
119.5833,0,13071,2958.0977,0,0,0,0,23037,0,0,0,4,201812,000,0,PPV,Dealers,,,,,N,0,,,,,,,,,,,,,,,,,,,,4 - Atlantics,,NS,500,,AP,AP,All Perils ($1000 Deductible) / Tous Risques (Franchise de 1000$),,,,0,,,201701,,,,,,,,,,,,,,,,,
0,0,258,214.5098,0,109,0,0,0,0,0,0,4,201812,000,0,PPV,ATV -IR,,,,,N,1,,,,,,,,,,,,,,,,,,,,4 - Atlantics,,NS,500,,AP,AP,Comprehensive ($250 Deductible) / Accidents sans Collision ni versement (Franchise de 250$),,,24,,,,201302,,,,,,,,,,,,,,,,,
0,0,2030,0,0,0,14,0,0,0,0,0,4,201812,000,0,OPU,Commercial-IR,,,,,N,1,,,,,,,,,,,,,,,,,,,,4 - Atlantics,,NS,501,,SP,CM,Specified Perils ($250 Deductible) / Risques Specifies (Franchise de 250$),,,,,,,201701,,,,,,,,,,,,,,,,,
2769.9167,0,3314,1729.9239,2,0,2,0,0,0,120,0,4,201812,000,0,OPU,Motorhomes-IR,,,,,N,0,,,,,,,,,,,,,,,,,,,,4 - Atlantics,,NS,502,,CM,AP,Comprehensive ($0 Deductible) / Accidents sans Collision ni versement (Franchise de 0$),,,,,,,200902,,,,,,,,,,,,,,,,,
97,2.0759,3910,59425.461,24,0,3,0,0,0,0,0,4,201812,000,0,PPV,PPV-IR excluding Farmers,,,,,N,1,,,,,,,,,,,,,,,,,,,,4 - Atlantics,,NS,503,,SP,CM,Comprehensive ($250 Deductible) / Accidents sans Collision ni versement (Franchise de 250$),,,,,,,201302,,,,,,,,,,,,,,,,,
0,0,243516,0,0,0,0,0,17104,0,0,0,4,201812,000,0,OPU,ATV -IR,,,,,N,0,,,,,,,,,,,,,,,,,,,,4 - Atlantics,,NS,500,,CM,CM,All Perils ($1000 Deductible) / Tous Risques (Franchise de 1000$),,,,0,,,201701,,,,,,,,,,,,,,,,,
0,0,0,479.6657,0,1,0,0,0,380,0,0,4,201812,000,0,OPU,PPV-IR excluding Farmers,,,,,N,0,,,,,,,,,,,,,,,,,,,,4 - Atlantics,,NS,501,,CM,SP,All Perils ($500 Deductible) / Tous Risques (Franchise de 500$),,,22,,,,200902,,,,,,,,,,,,,,,,,
0,0,66047,0,1,1,1,0,0,0,0,0,4,201812,000,0,COM,Motorcycles -IR,,,,,N,0,,,,,,,,,,,,,,,,,,,,4 - Atlantics,,NS,503,,CM,CM,Specified Perils ($1000+ Deductible) / Risques Specifies (Franchise de 1000$+),,,,,,,200402,,,,,,,,,,,,,,,,,
0,0,1930,23150.9536,0,2,0,0,0,0,5213,0,4,201812,000,0,PPV,Dealers,,,,,N,0,,,,,,,,,,,,,,,,,,,,4 - Atlantics,,NS,500,,AP,CM,Comprehensive ($0 Deductible) / Accidents sans Collision ni versement (Franchise de 0$),,,,,,,201001,,,,,,,,,,,,,,,,,
178.9167,0,0,0,1,0,0,0,14705,0,0,0,4,201812,000,0,COM,PPV-IR Farmers,,,,,Y,1,,,,,,,,,,,,,,,,,,,,4 - Atlantics,,NS,500,,CM,CM,All Perils ($500 Deductible) / Tous Risques (Franchise de 500$),,,23,,,,200601,,,,,,,,,,,,,,,,,
0,0,114,153.5617,0,0,0,0,0,66,0,0,4,201812,000,0,PPV,Snowvehicles -IR,,,,,N,0,,,,,,,,,,,,,,,,,,,,4 - Atlantics,,NS,500,,CM,AP,All Perils ($0 Deductible) / Tous Risques (Franchise de 0$),,,,,,,200801,,,,,,,,,,,,,,,,,
0,57.2189,222,0.1395,0,0,0,0,0,0,0,0,4,201812,000,0,GAR,Repair Garages,,,,,N,1,,,,,,,,,,,,,,,,,,,,4 - Atlantics,,NS,500,,AP,CM,Comprehensive ($500 Deductible) / Accidents sans Collision ni versement (Franchise de 500$),,,27,,,,201202,,,,,,,,,,,,,,,,,
203,0,0,336.2491,2,0,0,0,0,0,119,0,4,201812,000,0,PUB,Repair Garages,,,,,N,0,,,,,,,,,,,,,,,,,,,,4 - Atlantics,,NS,501,,AP,CM,All Perils ($500 Deductible) / Tous Risques (Franchise de 500$),,,,,,,201102,,,,,,,,,,,,,,,,,
0,255.0018,-5,0,0,0,0,0,7284,0,0,0,4,201812,000,0,GAR,Motorhomes-IR,,,,,Y,0,,,,,,,,,,,,,,,,,,,,4 - Atlantics,,NS,500,,SP,CM,Comprehensive ($1000+ Deductible) / Accidents sans Collision ni versement (Franchise de 1000$+),,,27,,,,201701,,,,,,,,,,,,,,,,,
2,0,20023,0,0,6,0,0,0,0,22056,0,4,201812,000,0,PPV,PPV-IR excluding Farmers,,,,,N,0,,,,,,,,,,,,,,,,,,,,4 - Atlantics,,NS,500,,SP,CM,All Perils ($500 Deductible) / Tous Risques (Franchise de 500$),,,,,,,201402,,,,,,,,,,,,,,,,,
0,0,61609,358.2164,0,0,0,0,225,0,0,0,4,201812,000,0,OPU,PPV-IR excluding Farmers,,,,,N,0,,,,,,,,,,,,,,,,,,,,4 - Atlantics,,NS,501,,CM,CM,Comprehensive ($300 Deductible) / Accidents sans Collision ni versement (Franchise de 300$),,,,,,,201302,,,,,,,,,,,,,,,,,
8.8333,14.5278,0,1988529.4783,3,0,0,0,0,0,0,0,4,201812,000,0,GAR,PPV-IR excluding Farmers,,,,,N,0,,,,,,,,,,,,,,,,,,,,4 - Atlantics,,NS,501,,AP,AP,Specified Perils ($500 Deductible) / Risques Specifies (Franchise de 500$),,,20,,,,200901,,,,,,,,,,,,,,,,,
0,0,3126,551.272,0,0,0,0,0,200,0,0,4,201812,000,0,MIS,PPV-IR excluding Farmers,,,,,N,0,,,,,,,,,,,,,,,,,,,,4 - Atlantics,,NS,500,,CM,CM,Comprehensive ($500 Deductible) / Accidents sans Collision ni versement (Franchise de 500$),,,,,,,200402,,,,,,,,,,,,,,,575,,
2.75,0,11205,0,1123,0,0,0,124,0,0,0,4,201812,000,0,PPV,Trailer Homes-IR,,,,,Y,0,,,,,,,,,,,,,,,,,,,,4 - Atlantics,,NS,500,,AP,CM,Comprehensive ($1000+ Deductible) / Accidents sans Collision ni versement (Franchise de 1000$+),,,,,,,201401,,,,,,,,,,,,,,,,,
0,2.8928,0,105.8607,0,0,1,0,12234,0,56526,0,4,201812,000,0,OPU,PPV-IR excluding Farmers,,,,,N,0,,,,,,,,,,,,,,,,,,,,4 - Atlantics,,NS,501,,CM,SP,Entrusted Vehicles (Specified Perils) / Vehicules confies (Risques specifies),,,28,0,,,200402,,,,,,,,,,,,,,,,,
0,2.5602,0,275.748,0,0,0,0,6194,0,3483,0,4,201812,000,0,PPV,PPV-IR excluding Farmers,,,,,N,1,,,,,,,,,,,,,,,,,,,,4 - Atlantics,,NS,501,,AP,CM,All Perils ($250 Deductible) / Tous Risques (Franchise de 250$),,,,0,,,201102,,,,,,,,,,,,,,,,,
0,0.9914,6989,0,1,3,0,0,32650,0,0,0,4,201812,000,0,OPU,ATV -IR,,,,,N,0,,,,,,,,,,,,,,,,,,,,4 - Atlantics,,NS,501,,CM,CM,Comprehensive ($500 Deductible) / Accidents sans Collision ni versement (Franchise de 500$),,,,,,,200702,,,,,,,,,,,,,,,,,
0,0,0,238.4438,1,0,0,0,0,0,0,0,4,201812,000,0,COM,Trailer Homes-IR,,,,,N,1,,,,,,,,,,,,,,,,,,,,4 - Atlantics,,NS,500,,AP,SP,Entrusted Vehicles (Comprehensive) / Vehicules confies (Accidents sans Collision ni versement),,,27,,,,201701,,,,,,,,,,,,,,,,,
0,0,6187,120.9977,0,0,0,0,0,0,0,0,4,201812,000,0,ITR,Interurban trucks-IR,,,,,Y,0,,,,,,,,,,,,,,,,,,,,4 - Atlantics,,NS,502,,SP,CM,All Perils ($1000 Deductible) / Tous Risques (Franchise de 1000$),,,,0,,,201201,,,,,,,,,,,,,,,,,3621
0,0,87,20.2219,0,0,0,0,0,0,0,0,4,201812,000,0,ITR,Motorhomes-IR,,,,,N,1,,,,,,,,,,,,,,,,,,,,4 - Atlantics,,NS,501,,AP,CM,All Perils ($500 Deductible) / Tous Risques (Franchise de 500$),,,,,,,200902,,,,,,,,,,,,,,,,,
0,0,0,0,0,1,0,0,0,0,0,0,4,201812,000,0,GAR,Commercial-IR,,,,,N,0,,,,,,,,,,,,,,,,,,,,4 - Atlantics,,NS,501,,CM,CM,Entrusted Vehicles (Specified Perils) / Vehicules confies (Risques specifies),,,,,,,201202,,,,,,,,,,,,,,,10653,,
8.25,0,206,435729.767,0,0,0,0,0,60,0,0,4,201812,000,0,OPU,Motorhomes-IR,,,,,N,0,,,,,,,,,,,,,,,,,,,,4 - Atlantics,,NS,503,,AP,SP,Comprehensive ($100 Deductible) / Accidents sans Collision ni versement (Franchise de 100$),,,,,,,200501,,,,,,,,,,,,,,,,,
0,-0.7303,104,0,0,0,95,0,0,0,0,0,4,201812,000,0,PPV,Repair Garages,,,,,Y,0,,,,,,,,,,,,,,,,,,,,4 - Atlantics,,NS,500,,AP,AP,All Perils ($500 Deductible) / Tous Risques (Franchise de 500$),,,,,,,201602,,,,,,,,,,,,,,,,,
15.1667,1.4877,249,-27.8084,13,0,1,0,0,0,0,0,4,201812,000,0,COM,Taxis,,,,,N,0,,,,,,,,,,,,,,,,,,,,4 - Atlantics,,NS,503,,AP,CM,Comprehensive ($500 Deductible) / Accidents sans Collision ni versement (Franchise de 500$),,,,,,,201302,,,,,,,,,,,,,,,,,
1,0,21222,305597.7672,0,1,1,0,0,0,0,0,4,201812,000,0,OPU,Misc. Public Auto,,,,,Y,0,,,,,,,,,,,,,,,,,,,,4 - Atlantics,,NS,500,,CM,AP,Comprehensive ($500 Deductible) / Accidents sans Collision ni versement (Franchise de 500$),,,,,,,201601,,,,,,,,,,,,,,,,,
0,0.9945,326,0,0,0,0,0,0,0,0,0,4,201812,000,0,PPV,Commercial-IR,,,,,N,1,,,,,,,,,,,,,,,,,,,,4 - Atlantics,,NS,501,,CM,SP,Specified Perils ($1000 Deductible) / Risques Specifies (Franchise de 1000$),,,,,,,200502,,,,,,,,,,,,,,,,,
60872.75,1.6548,67,20561.5418,0,0,1,0,35040,170,0,0,4,201812,000,0,GAR,Repair Garages,,,,,N,0,,,,,,,,,,,,,,,,,,,,4 - Atlantics,,NS,503,,CM,CM,All Perils ($1000 Deductible) / Tous Risques (Franchise de 1000$),,,,,,,200602,,,,,,,,,,,,,,,,,
0,32.3488,167,0,0,0,0,0,0,1530,0,0,4,201812,000,0,PPV,Trailer Homes-IR,,,,,N,0,,,,,,,,,,,,,,,,,,,,4 - Atlantics,,NS,502,,CM,AP,Specified Perils ($1000 Deductible) / Risques Specifies (Franchise de 1000$),,,,,,,201001,,,,,,,,,,,,,,2,,0,
6,0,0,-35.3819,0,0,9,0,0,1518,0,0,4,201812,000,0,OPU,Commercial-Fleets,,,,,N,1,,,,,,,,,,,,,,,,,,,,4 - Atlantics,,NS,502,,CM,AP,Comprehensive ($1000+ Deductible) / Accidents sans Collision ni versement (Franchise de 1000$+),,,,0,,,201401,,,,,,,,,,,,,,,,,
0,0,0,21.3233,0,0,0,0,0,0,0,0,4,201812,000,0,COM,PPV-IR excluding Farmers,,,,,N,0,,,,,,,,,,,,,,,,,,,,4 - Atlantics,,NS,503,,SP,AP,All Perils ($250 Deductible) / Tous Risques (Franchise de 250$),,,28,,,,200402,,,,,,,,,,,,,,,,,
0,0,0,835.4044,0,0,0,0,78563,792,0,0,4,201812,000,0,COM,PPV-IR excluding Farmers,,,,,N,0,,,,,,,,,,,,,,,,,,,,4 - Atlantics,,NS,501,,CM,SP,Comprehensive (Other deductibles) / Accidents sans Collision ni versement (Autre franchise),,,,,,,201202,,,,,,,,,,,,,,,,,
0,0,191,265.5472,0,0,1,0,0,480,6853,0,4,201812,000,0,ITR,PPV-IR excluding Farmers,,,,,Y,0,,,,,,,,,,,,,,,,,,,,4 - Atlantics,,NS,501,,AP,AP,Comprehensive ($500 Deductible) / Accidents sans Collision ni versement (Franchise de 500$),,,,,,,200502,,,,,,,,,,,,,,,,,
0,0,427,0,0,0,7,0,19186,0,0,0,4,201812,000,0,OPU,Motorhomes-IR,,,,,N,1,,,,,,,,,,,,,,,,,,,,4 - Atlantics,,NS,502,,CM,SP,Specified Perils ($1000 Deductible) / Risques Specifies (Franchise de 1000$),,,,,,,201702,,,,,,,,,,,,,,,,,
40.25,0,399811,1597.7553,1,2,0,0,0,0,0,0,4,201812,000,0,COM,ATV -IR,,,,,N,1,,,,,,,,,,,,,,,,,,,,4 - Atlantics,,NS,501,,AP,CM,All Perils ($1000+ Deductible) / Tous Risques (Franchise de 1000$+),,,27,,,,201002,,,,,,,,,,,,,,,,,
0,0,0,0,0,1,0,0,13696,0,0,0,4,201812,000,0,OPU,Commercial-IR,,,,,N,1,,,,,,,,,,,,,,,,,,,,4 - Atlantics,,NS,501,,AP,CM,Comprehensive (Other deductibles) / Accidents sans Collision ni versement (Autre franchise),,,27,,,,201801,,,,,,,,,,,,,,,,,
15.1667,0,0,2181.277,0,0,0,0,6709,0,205986,0,4,201812,000,0,COM,Motorhomes-IR,,,,,Y,1,,,,,,,,,,,,,,,,,,,,4 - Atlantics,,NS,502,,CM,AP,Comprehensive ($1000 Deductible) / Accidents sans Collision ni versement (Franchise de 1000$),,,,,,,201301,,,,,,,,,,,,,,,,,
0.75,0,0,3429.9616,0,0,0,0,0,0,22309,0,4,201812,000,0,PPV,Commercial-IR,,,,,N,1,,,,,,,,,,,,,,,,,,,,4 - Atlantics,,NS,501,,CM,CM,Specified Perils ($250 Deductible) / Risques Specifies (Franchise de 250$),,,,,,,200901,,,,,,,,,,,,,,,,,
16.6667,0,0,3468.562,0,0,0,0,0,0,0,0,4,201812,000,0,PPV,Commercial-IR,,,,,N,0,,,,,,,,,,,,,,,,,,,,4 - Atlantics,,NS,500,,CM,CM,Specified Perils ($250 Deductible) / Risques Specifies (Franchise de 250$),,,,0,,,201802,,,,,,,,,,,,,,,,,
494,0,127,23038.6352,0,0,0,0,9321,0,0,0,4,201812,000,0,ITR,PPV-IR excluding Farmers,,,,,N,0,,,,,,,,,,,,,,,,,,,,4 - Atlantics,,NS,500,,CM,CM,Comprehensive ($500 Deductible) / Accidents sans Collision ni versement (Franchise de 500$),,,,0,,,201202,,,,,,,,,,,,,,,,,
90,0,0,0,0,0,0,0,0,0,0,0,4,201812,000,0,PPV,Trailer Homes-IR,,,,,N,0,,,,,,,,,,,,,,,,,,,,4 - Atlantics,,NS,502,,CM,AP,Entrusted Vehicles (Comprehensive) / Vehicules confies (Accidents sans Collision ni versement),,,,,,,201101,,,,,,,,,,,,,,,,,
0,1.4702,0,0,0,0,3,0,9346,0,1042,0,4,201812,000,0,MIS,Interurban trucks-IR,,,,,Y,1,,,,,,,,,,,,,,,,,,,,4 - Atlantics,,NS,500,,AP,CM,Specified Perils ($1000+ Deductible) / Risques Specifies (Franchise de 1000$+),,,,,,,200402,,,,,,,,,,,,,,,,,
0,0,0,0,0,0,1,0,28305,0,0,0,4,201812,000,0,OPU,Taxis,,,,,N,1,,,,,,,,,,,,,,,,,,,,4 - Atlantics,,NS,502,,CM,CM,Comprehensive ($500 Deductible) / Accidents sans Collision ni versement (Franchise de 500$),,,,,,,200901,,,,,,,,,,,,,,,,,
